date,fips,county,state,total_cases,total_deaths,daily_positive_7day_ma,daily_deaths_7day_ma,prevalence_ratio_mean,prevalence_ratio_lower,prevalence_ratio_upper,new_infected_mean,new_infected_lower,new_infected_upper,current_infected_mean,current_infected_lower,current_infected_upper,perc_current_infected_mean,perc_current_infected_lower,perc_current_infected_upper,total_infected_mean,total_infected_lower,total_infected_upper,perc_total_infected_mean,perc_total_infected_lower,perc_total_infected_upper
2020-01-22,11001,District of Columbia,DC,0,0,,,,,,,,,,,,,,,,,,,,
2020-01-23,11001,District of Columbia,DC,0,0,,,,,,,,,,,,,,,,,,,,
2020-01-24,11001,District of Columbia,DC,0,0,,,,,,,,,,,,,,,,,,,,
2020-01-25,11001,District of Columbia,DC,0,0,,,,,,,,,,,,,,,,,,,,
2020-01-26,11001,District of Columbia,DC,0,0,,,,,,,,,,,,,,,,,,,,
2020-01-27,11001,District of Columbia,DC,0,0,,,,,,,,,,,,,,,,,,,,
2020-01-28,11001,District of Columbia,DC,0,0,,,,,,,,,,,,,,,,,,,,
2020-01-29,11001,District of Columbia,DC,0,0,,,,,,,,,,,,,,,,,,,,
2020-01-30,11001,District of Columbia,DC,0,0,,,,,,,,,,,,,,,,,,,,
2020-01-31,11001,District of Columbia,DC,0,0,,,,,,,,,,,,,,,,,,,,
2020-02-01,11001,District of Columbia,DC,0,0,,,,,,,,,,,,,,,,,,,,
2020-02-02,11001,District of Columbia,DC,0,0,,,,,,,,,,,,,,,,,,,,
2020-02-03,11001,District of Columbia,DC,0,0,,,,,,,,,,,,,,,,,,,,
2020-02-04,11001,District of Columbia,DC,0,0,,,,,,,,,,,,,,,,,,,,
2020-02-05,11001,District of Columbia,DC,0,0,,,,,,,,,,,,,,,,,,,,
2020-02-06,11001,District of Columbia,DC,0,0,,,,,,,,,,,,,,,,,,,,
2020-02-07,11001,District of Columbia,DC,0,0,,,,,,,,,,,,,,,,,,,,
2020-02-08,11001,District of Columbia,DC,0,0,,,,,,,,,,,,,,,,,,,,
2020-02-09,11001,District of Columbia,DC,0,0,,,,,,,,,,,,,,,,,,,,
2020-02-10,11001,District of Columbia,DC,0,0,,,,,,,,,,,,,,,,,,,,
2020-02-11,11001,District of Columbia,DC,0,0,,,,,,,,,,,,,,,,,,,,
2020-02-12,11001,District of Columbia,DC,0,0,,,,,,,,,,,,,,,,,,,,
2020-02-13,11001,District of Columbia,DC,0,0,,,,,,,,,,,,,,,,,,,,
2020-02-14,11001,District of Columbia,DC,0,0,,,,,,,,,,,,,,,,,,,,
2020-02-15,11001,District of Columbia,DC,0,0,,,,,,,,,,,,,,,,,,,,
2020-02-16,11001,District of Columbia,DC,0,0,,,,,,,,,,,,,,,,,,,,
2020-02-17,11001,District of Columbia,DC,0,0,,,,,,,,,,,,,,,,,,,,
2020-02-18,11001,District of Columbia,DC,0,0,,,,,,,,,,,,,,,,,,,,
2020-02-19,11001,District of Columbia,DC,0,0,,,,,,,,,,,,,,,,,,,,
2020-02-20,11001,District of Columbia,DC,0,0,,,,,,,,,,,,,,,,,,,,
2020-02-21,11001,District of Columbia,DC,0,0,,,,,,,,,,,,,,,,,,,,
2020-02-22,11001,District of Columbia,DC,0,0,,,,,,,,,,,,,,,,,,,,
2020-02-23,11001,District of Columbia,DC,0,0,,,,,,,,,,,,,,,,,,,,
2020-02-24,11001,District of Columbia,DC,0,0,,,,,,,,,,,,,,,,,,,,
2020-02-25,11001,District of Columbia,DC,0,0,,,,,,,,,,,,,,,,,,,,
2020-02-26,11001,District of Columbia,DC,0,0,,,,,,,,,,,,,,,,,,,,
2020-02-27,11001,District of Columbia,DC,0,0,,,,,,,,,,,,,,,,,,,,
2020-02-28,11001,District of Columbia,DC,0,0,,,,,,42.4286,28.2857,63.6429,42.4286,28.2857,63.6429,6.01185e-05,4.0079e-05,9.01778e-05,42.4286,28.2857,63.6429,6.01185e-05,4.0079e-05,9.01778e-05
2020-02-29,11001,District of Columbia,DC,0,0,,,,,,41.6429,27.7619,62.4643,84.0714,56.0476,126.107,0.000119124,7.94158e-05,0.000178686,84.0714,56.0476,126.107,0.000119124,7.94158e-05,0.000178686
2020-03-01,11001,District of Columbia,DC,0,0,,,,,,46.2143,30.8095,69.3214,130.286,86.8571,195.429,0.000184606,0.000123071,0.000276909,130.286,86.8571,195.429,0.000184606,0.000123071,0.000276909
2020-03-02,11001,District of Columbia,DC,0,0,,,,,,51.8036,34.5357,77.7054,182.089,121.393,273.134,0.000258009,0.000172006,0.000387013,182.089,121.393,273.134,0.000258009,0.000172006,0.000387013
2020-03-03,11001,District of Columbia,DC,0,0,,,,,,64.7714,43.181,97.1571,246.861,164.574,370.291,0.000349785,0.00023319,0.000524678,246.861,164.574,370.291,0.000349785,0.00023319,0.000524678
2020-03-04,11001,District of Columbia,DC,0,0,,,,,,79.6429,53.0952,119.464,326.504,217.669,489.755,0.000462634,0.000308423,0.000693951,326.504,217.669,489.755,0.000462634,0.000308423,0.000693951
2020-03-05,11001,District of Columbia,DC,0,0,,,,,,90.1224,60.0816,135.184,416.626,277.751,624.939,0.000590332,0.000393554,0.000885498,416.626,277.751,624.939,0.000590332,0.000393554,0.000885498
2020-03-06,11001,District of Columbia,DC,0,0,,,,,,104.061,69.3742,156.092,520.687,347.125,781.031,0.00073778,0.000491853,0.00110667,520.687,347.125,781.031,0.00073778,0.000491853,0.00110667
2020-03-07,11001,District of Columbia,DC,0,0,,,,,,121.296,80.8639,181.944,641.983,427.989,962.975,0.000909648,0.000606432,0.00136447,641.983,427.989,962.975,0.000909648,0.000606432,0.00136447
2020-03-08,11001,District of Columbia,DC,0,0,,,,,,142.041,94.6939,213.061,784.024,522.683,1176.04,0.00111091,0.000740607,0.00166637,784.024,522.683,1176.04,0.00111091,0.000740607,0.00166637
2020-03-09,11001,District of Columbia,DC,0,0,,,,,,165.378,110.252,248.066,949.402,632.934,1424.1,0.00134524,0.000896826,0.00201786,949.402,632.934,1424.1,0.00134524,0.000896826,0.00201786
2020-03-10,11001,District of Columbia,DC,0,0,,,,,,182.822,121.882,274.233,1132.22,754.816,1698.34,0.00160429,0.00106952,0.00240643,1132.22,754.816,1698.34,0.00160429,0.00106952,0.00240643
2020-03-11,11001,District of Columbia,DC,0,0,,,,,,194.964,129.976,292.445,1327.19,884.792,1990.78,0.00188054,0.00125369,0.00282081,1327.19,884.792,1990.78,0.00188054,0.00125369,0.00282081
2020-03-12,11001,District of Columbia,DC,0,0,,,,,,215.046,143.364,322.57,1542.23,1028.16,2313.35,0.00218524,0.00145683,0.00327787,1542.23,1028.16,2313.35,0.00218524,0.00145683,0.00327787
2020-03-13,11001,District of Columbia,DC,0,0,,,,,,245.551,163.701,368.326,1787.79,1191.86,2681.68,0.00253317,0.00168878,0.00379976,1787.79,1191.86,2681.68,0.00253317,0.00168878,0.00379976
2020-03-14,11001,District of Columbia,DC,0,0,,,,,,284.46,189.64,426.689,2029.82,1353.21,3044.72,0.00287612,0.00191741,0.00431417,2072.24,1381.5,3108.37,0.00293624,0.00195749,0.00440435
2020-03-15,11001,District of Columbia,DC,0,0,,,,,,330.409,220.272,495.613,2318.58,1545.72,3477.87,0.00328528,0.00219019,0.00492792,2402.65,1601.77,3603.98,0.0034044,0.0022696,0.0051066
2020-03-16,11001,District of Columbia,DC,22,0,3.14286,0,13.5,9,20.25,366.52,244.347,549.78,2638.89,1759.26,3958.33,0.00373913,0.00249275,0.0056087,2769.17,1846.12,4153.76,0.00392374,0.00261582,0.00588561
2020-03-17,11001,District of Columbia,DC,22,0,3.14286,0,13,8.66667,19.5,413.997,275.998,620.995,3001.08,2000.72,4501.62,0.00425233,0.00283489,0.0063785,3183.17,2122.11,4774.76,0.00451034,0.0030069,0.00676551
2020-03-18,11001,District of Columbia,DC,31,0,4.42857,0,12.5,8.33333,18.75,481.614,321.076,722.422,3417.92,2278.62,5126.89,0.00484297,0.00322865,0.00726446,3664.78,2443.19,5497.18,0.00519276,0.00346184,0.00778914
2020-03-19,11001,District of Columbia,DC,40,0,5.71429,0,12,8,18,553.778,369.185,830.668,3892.06,2594.71,5838.09,0.00551479,0.00367653,0.00827219,4218.56,2812.37,6327.84,0.00597743,0.00398495,0.00896614
2020-03-20,11001,District of Columbia,DC,71,1,10.1429,0.142857,11.5,7.66667,17.25,621.375,414.25,932.063,4423.31,2948.87,6634.97,0.00626754,0.00417836,0.00940132,4839.94,3226.62,7259.91,0.00685787,0.00457192,0.0102868
2020-03-21,11001,District of Columbia,DC,98,0,14,0,11,7.33333,16.5,684.429,456.286,1026.64,5003.68,3335.79,7505.52,0.00708988,0.00472659,0.0106348,5524.37,3682.91,8286.55,0.00782766,0.00521844,0.0117415
2020-03-22,11001,District of Columbia,DC,102,2,14.5714,0.285714,10.5,7,15.75,762.707,508.472,1144.06,5645.09,3763.39,8467.64,0.00799872,0.00533248,0.0119981,6287.07,4191.38,9430.61,0.00890837,0.00593891,0.0133626
2020-03-23,11001,District of Columbia,DC,120,2,14,0.285714,10,6.66667,15,861.041,574.027,1291.56,6364.09,4242.73,9546.14,0.0090175,0.00601167,0.0135263,7148.11,4765.41,10722.2,0.0101284,0.00675227,0.0151926
2020-03-24,11001,District of Columbia,DC,141,2,17,0.285714,9.5,6.33333,14.25,952.126,634.751,1428.19,7150.84,4767.23,10726.3,0.0101323,0.00675485,0.0151984,8100.24,5400.16,12150.4,0.0114775,0.00765167,0.0172163
2020-03-25,11001,District of Columbia,DC,187,2,22.2857,0.285714,9,6,13.5,1017.34,678.224,1526,7985.35,5323.57,11978,0.0113147,0.00754315,0.0169721,9117.57,6078.38,13676.4,0.012919,0.00861267,0.0193785
2020-03-26,11001,District of Columbia,DC,231,3,27.2857,0.428571,8.5,5.66667,12.75,1064.63,709.756,1596.95,8855.02,5903.35,13282.5,0.012547,0.00836466,0.0188205,10182.2,6788.14,15273.3,0.0144275,0.00961835,0.0216413
2020-03-27,11001,District of Columbia,DC,271,3,28.5714,0.285714,8.35649,5.57099,12.5347,1107.91,738.606,1661.86,9747.88,6498.59,14621.8,0.0138121,0.00920808,0.0207182,11290.1,7526.75,16935.2,0.0159974,0.0106649,0.023996
2020-03-28,11001,District of Columbia,DC,304,4,29.4286,0.571429,8.12099,5.41399,12.1815,1140.31,760.206,1710.46,10642.6,7095.1,15964,0.0150799,0.0100533,0.0226199,12430.4,8286.95,18645.6,0.0176131,0.0117421,0.0264197
2020-03-29,11001,District of Columbia,DC,342,5,34.2857,0.428571,8.56273,5.70848,12.8441,1124.37,749.577,1686.55,11482.5,7655.03,17223.8,0.01627,0.0108467,0.024405,13554.8,9036.53,20332.2,0.0192062,0.0128042,0.0288094
2020-03-30,11001,District of Columbia,DC,401,9,40.1429,1,8.80683,5.87122,13.2102,1107.01,738.004,1660.51,12259.1,8172.76,18388.7,0.0173704,0.0115803,0.0260556,14661.8,9774.53,21992.7,0.0207748,0.0138499,0.0311622
2020-03-31,11001,District of Columbia,DC,495,9,50.5714,1,8.5792,5.71946,12.8688,1082.87,721.911,1624.3,12975.5,8650.33,19463.2,0.0183854,0.0122569,0.0275781,15744.7,10496.4,23617,0.0223092,0.0148728,0.0334637
2020-04-01,11001,District of Columbia,DC,586,9,57,1,9.16165,6.10777,13.7425,1082.69,721.791,1624.03,13644.2,9096.12,20466.3,0.0193329,0.0128886,0.0289994,16827.3,11218.2,25241,0.0238432,0.0158955,0.0357649
2020-04-02,11001,District of Columbia,DC,653,12,60.2857,1.28571,8.04018,5.36012,12.0603,1098.2,732.132,1647.3,14260.8,9507.18,21391.2,0.0202066,0.013471,0.0303099,17925.5,11950.4,26888.3,0.0253993,0.0169329,0.038099
2020-04-03,11001,District of Columbia,DC,757,15,69.4286,1.71429,8.2256,5.48374,12.3384,1123.93,749.284,1685.89,14830.9,9887.28,22246.4,0.0210144,0.0140096,0.0315217,19049.5,12699.7,28574.2,0.0269919,0.0179946,0.0404878
2020-04-04,11001,District of Columbia,DC,902,21,85.4286,2.42857,8.33812,5.55875,12.5072,1159.49,772.996,1739.24,15369,10246,23053.6,0.0217769,0.0145179,0.0326654,20209,13472.6,30313.5,0.0286348,0.0190899,0.0429522
2020-04-05,11001,District of Columbia,DC,1002,22,94.2857,2.42857,8.47131,5.64754,12.707,1200.21,800.143,1800.32,15884.8,10589.9,23827.2,0.0225077,0.0150052,0.0337616,21409.2,14272.8,32113.8,0.0303354,0.0202236,0.0455031
2020-04-06,11001,District of Columbia,DC,1097,24,99.4286,2.14286,8.31461,5.54308,12.4719,1230.2,820.134,1845.3,16352.3,10901.5,24528.5,0.0231701,0.0154468,0.0347552,22639.4,15092.9,33959.1,0.0320785,0.0213857,0.0481178
2020-04-07,11001,District of Columbia,DC,1211,22,102.286,1.85714,8.55681,5.70454,12.8352,1268.49,845.657,1902.73,16759.8,11173.2,25139.6,0.0237475,0.0158316,0.0356212,23907.9,15938.6,35861.8,0.0338759,0.0225839,0.0508138
2020-04-08,11001,District of Columbia,DC,1440,27,122,2.57143,8.77185,5.8479,13.1578,1279.93,853.289,1919.9,17087.6,11391.7,25631.3,0.024212,0.0161413,0.0363179,25187.8,16791.9,37781.7,0.0356895,0.023793,0.0535342
2020-04-09,11001,District of Columbia,DC,1523,32,124.286,2.85714,9.43826,6.29218,14.1574,1278.06,852.037,1917.08,17348.3,11565.5,26022.4,0.0245814,0.0163876,0.0368721,26465.9,17643.9,39698.8,0.0375004,0.0250003,0.0562506
2020-04-10,11001,District of Columbia,DC,1660,38,129,3.28571,9.36966,6.24644,14.0545,1246.92,831.279,1870.38,17530.6,11687,26295.8,0.0248397,0.0165598,0.0372595,27712.8,18475.2,41569.2,0.0392672,0.0261781,0.0589008
2020-04-11,11001,District of Columbia,DC,1778,47,125.143,3.71429,9.33958,6.22639,14.0094,1198.33,798.884,1797.49,17621,11747.3,26431.5,0.0249678,0.0166452,0.0374517,28911.1,19274.1,43366.7,0.0409651,0.0273101,0.0614477
2020-04-12,11001,District of Columbia,DC,1875,50,124.714,4,9.05922,6.03948,13.5888,1168.01,778.676,1752.02,17648.7,11765.8,26473,0.025007,0.0166714,0.0375105,30079.1,20052.7,45118.7,0.0426201,0.0284134,0.0639302
2020-04-13,11001,District of Columbia,DC,1955,52,122.571,4,9.21611,6.14407,13.8242,1141.8,761.202,1712.7,17666.1,11777.4,26499.2,0.0250317,0.0166878,0.0375476,31220.9,20813.9,46831.4,0.044238,0.029492,0.066357
2020-04-14,11001,District of Columbia,DC,2058,67,121,6.42857,9.10774,6.07183,13.6616,1138.46,758.972,1707.69,17697.6,11798.4,26546.4,0.0250763,0.0167175,0.0376144,32359.4,21572.9,48539.1,0.0458511,0.0305674,0.0687767
2020-04-15,11001,District of Columbia,DC,2197,72,108.143,6.42857,8.86387,5.90924,13.2958,1133.95,755.966,1700.92,17748.7,11832.4,26623,0.0251487,0.0167658,0.037723,33493.3,22328.9,50240,0.0474578,0.0316386,0.0711868
2020-04-16,11001,District of Columbia,DC,2350,81,118.143,7,8.90048,5.93365,13.3507,1143.49,762.327,1715.24,17809.5,11873,26714.2,0.0252348,0.0168232,0.0378523,34636.8,23091.2,51955.2,0.0490781,0.0327187,0.0736171
2020-04-17,11001,District of Columbia,DC,2476,86,116.571,6.85714,8.91905,5.94604,13.3786,1188.2,792.136,1782.31,17899.5,11933,26849.2,0.0253624,0.0169082,0.0380436,35825,23883.3,53737.5,0.0507617,0.0338411,0.0761426
2020-04-18,11001,District of Columbia,DC,2666,91,126.857,6.28571,9.20346,6.13564,13.8052,1252.93,835.283,1879.39,18028.5,12019,27042.7,0.0255452,0.0170301,0.0383177,37077.9,24718.6,55616.9,0.052537,0.0350247,0.0788055
2020-04-19,11001,District of Columbia,DC,2793,96,131.143,6.57143,9.4431,6.2954,14.1646,1314.76,876.508,1972.15,18183.7,12122.5,27275.6,0.0257652,0.0171768,0.0386477,38392.7,25595.1,57589.1,0.0543999,0.0362666,0.0815999
2020-04-20,11001,District of Columbia,DC,2927,105,138.857,7.57143,9.43216,6.28811,14.1482,1363.26,908.839,2044.89,18346.8,12231.2,27520.2,0.0259962,0.0173308,0.0389943,39756,26504,59634,0.0563316,0.0375544,0.0844974
2020-04-21,11001,District of Columbia,DC,3098,112,148.571,6.42857,9.09341,6.06227,13.6401,1360.37,906.911,2040.55,18477,12318,27715.4,0.0261806,0.0174537,0.0392709,41116.3,27410.9,61674.5,0.0582591,0.0388394,0.0873887
2020-04-22,11001,District of Columbia,DC,3206,127,144.143,7.85714,8.62757,5.75171,12.9414,1376.51,917.671,2064.76,18585,12390,27877.5,0.0263337,0.0175558,0.0395005,42492.8,28328.6,63739.3,0.0602096,0.0401397,0.0903144
2020-04-23,11001,District of Columbia,DC,3361,139,144.429,8.28571,8.73393,5.82262,13.1009,1368.14,912.096,2052.22,18673.2,12448.8,28009.8,0.0264587,0.0176391,0.039688,43861,29240.7,65791.5,0.0621481,0.0414321,0.0932222
2020-04-24,11001,District of Columbia,DC,3528,153,150.286,9.57143,8.70149,5.80099,13.0522,1335.66,890.439,2003.49,18730.8,12487.2,28096.2,0.0265403,0.0176935,0.0398105,45196.6,30131.1,67795,0.0640407,0.0426938,0.096061
2020-04-25,11001,District of Columbia,DC,3699,165,147.571,10.5714,8.45455,5.63637,12.6818,1281.31,854.209,1921.97,18765.2,12510.1,28147.8,0.026589,0.017726,0.0398836,46478,30985.3,69716.9,0.0658562,0.0439041,0.0987843
2020-04-26,11001,District of Columbia,DC,3841,178,149.714,11.7143,8.18393,5.45595,12.2759,1224.23,816.152,1836.34,18791.1,12527.4,28186.6,0.0266257,0.0177505,0.0399386,47702.2,31801.5,71553.3,0.0675909,0.0450606,0.101386
2020-04-27,11001,District of Columbia,DC,3892,185,137.857,11.4286,7.91954,5.27969,11.8793,1167.78,778.52,1751.67,18790.8,12527.2,28186.3,0.0266254,0.0177503,0.0399381,48870,32580,73305,0.0692455,0.0461637,0.103868
2020-04-28,11001,District of Columbia,DC,3994,190,128,11.1429,7.89745,5.26497,11.8462,1103.95,735.97,1655.93,18753,12502,28129.5,0.0265718,0.0177145,0.0398577,49973.9,33315.9,74960.9,0.0708098,0.0472065,0.106215
2020-04-29,11001,District of Columbia,DC,4106,205,128.571,11.1429,8.02215,5.3481,12.0332,1024.52,683.016,1536.79,18639.1,12426,27958.6,0.0264103,0.0176069,0.0396155,50998.4,33999,76497.7,0.0722614,0.0481743,0.108392
2020-04-30,11001,District of Columbia,DC,4323,224,137.429,12.1429,7.84371,5.22914,11.7656,946.321,630.881,1419.48,18451.4,12301,27677.2,0.0261445,0.0174297,0.0392167,51944.8,34629.8,77917.2,0.0736023,0.0490682,0.110404
2020-05-01,11001,District of Columbia,DC,4658,231,161.429,11.1429,7.95583,5.30389,11.9338,877.475,584.984,1316.21,18185.4,12123.6,27278.2,0.0257676,0.0171784,0.0386514,52822.2,35214.8,79233.4,0.0748456,0.0498971,0.112268
2020-05-02,11001,District of Columbia,DC,4797,240,156.857,10.7143,7.75282,5.16854,11.6292,828.425,552.284,1242.64,17825.6,11883.8,26738.5,0.0252578,0.0168385,0.0378867,53650.7,35767.1,80476,0.0760195,0.0506796,0.114029
2020-05-03,11001,District of Columbia,DC,5016,251,167.857,10.4286,7.69727,5.13151,11.5459,780.229,520.153,1170.34,17352.9,11568.6,26029.4,0.024588,0.016392,0.036882,54430.9,36287.3,81646.4,0.077125,0.0514167,0.115688
2020-05-04,11001,District of Columbia,DC,5170,258,182.571,10.4286,7.69431,5.12954,11.5415,746.982,497.988,1120.47,16785.2,11190.1,25177.8,0.0237835,0.0158557,0.0356752,55177.9,36785.3,82766.8,0.0781834,0.0521223,0.117275
2020-05-05,11001,District of Columbia,DC,5322,264,189.714,10.5714,7.71645,5.1443,11.5747,743.618,495.746,1115.43,16165.5,10777,24248.3,0.0229055,0.0152703,0.0343583,55921.5,37281,83882.3,0.0792371,0.0528247,0.118856
2020-05-06,11001,District of Columbia,DC,5461,277,193.571,10.2857,7.56456,5.04304,11.3468,768.478,512.319,1152.72,15573.6,10382.4,23360.5,0.0220668,0.0147112,0.0331003,56690,37793.3,85035,0.080326,0.0535506,0.120489
2020-05-07,11001,District of Columbia,DC,5654,285,190.143,8.71429,7.4545,4.96967,11.1818,798.77,532.513,1198.16,14995.9,9997.27,22493.9,0.0212482,0.0141655,0.0318723,57488.7,38325.8,86233.1,0.0814578,0.0543052,0.122187
2020-05-08,11001,District of Columbia,DC,5899,304,177.286,10.4286,7.13006,4.75337,10.6951,846.183,564.122,1269.28,14473.9,9649.29,21710.9,0.0205086,0.0136724,0.030763,58334.9,38890,87502.4,0.0826568,0.0551045,0.123985
2020-05-09,11001,District of Columbia,DC,6102,311,186.429,10.1429,7.12906,4.75271,10.6936,880.301,586.867,1320.45,14018.6,9345.72,21027.9,0.0198634,0.0132423,0.0297951,59215.2,39476.8,88822.9,0.0839041,0.0559361,0.125856
2020-05-10,11001,District of Columbia,DC,6272,323,179.429,10.2857,6.87463,4.58308,10.3119,914.085,609.39,1371.13,13651.4,9100.9,20477,0.0193431,0.0128954,0.0290146,60129.3,40086.2,90194,0.0851993,0.0567995,0.127799
2020-05-11,11001,District of Columbia,DC,6389,328,174.143,10,6.7609,4.50727,10.1414,916.781,611.187,1375.17,13343.9,8895.94,20015.9,0.0189074,0.012605,0.0283612,61046.1,40697.4,91569.2,0.0864983,0.0576655,0.129747
2020-05-12,11001,District of Columbia,DC,6485,336,166.143,10.2857,6.52153,4.34768,9.78229,937.357,624.904,1406.04,13113.5,8742.32,19670.2,0.0185809,0.0123873,0.0278714,61983.4,41322.3,92975.2,0.0878265,0.058551,0.13174
2020-05-13,11001,District of Columbia,DC,6584,350,160.429,10.4286,6.6365,4.42434,9.95476,880.937,587.291,1321.41,12890.5,8593.64,19335.7,0.0182649,0.0121766,0.0273974,62864.4,41909.6,94296.6,0.0890747,0.0593831,0.133612
2020-05-14,11001,District of Columbia,DC,6736,358,154.571,10.4286,6.6137,4.40913,9.92054,831.275,554.183,1246.91,12697.2,8464.81,19045.8,0.0179911,0.0119941,0.0269867,63695.7,42463.8,95543.5,0.0902526,0.0601684,0.135379
2020-05-15,11001,District of Columbia,DC,6871,368,138.857,9.14286,5.88573,3.92382,8.82859,747.663,498.442,1121.5,12498.6,8332.37,18747.9,0.0177096,0.0118064,0.0265645,64443.3,42962.2,96665,0.091312,0.0608746,0.136968
2020-05-16,11001,District of Columbia,DC,7042,375,134.286,9.14286,5.75675,3.83784,8.63513,662.715,441.81,994.074,12283.8,8189.2,18425.7,0.0174053,0.0116036,0.026108,65106,43404,97659.1,0.092251,0.0615007,0.138377
2020-05-17,11001,District of Columbia,DC,7123,383,121.571,8.57143,5.64346,3.76231,8.46519,583.786,389.19,875.679,12039.2,8026.11,18058.8,0.0170587,0.0113725,0.0255881,65689.8,43793.2,98534.8,0.0930782,0.0620521,0.139617
2020-05-18,11001,District of Columbia,DC,7270,392,125.857,9.14286,5.52563,3.68375,8.28845,527.34,351.559,791.009,11786.3,7857.51,17679.4,0.0167004,0.0111336,0.0250506,66217.2,44144.8,99325.8,0.0938254,0.0625502,0.140738
2020-05-19,11001,District of Columbia,DC,7434,400,135.571,9.14286,5.45953,3.63969,8.1893,455.217,303.478,682.825,11494.5,7663,17241.8,0.016287,0.010858,0.0244305,66672.4,44448.3,100009,0.0944704,0.0629803,0.141706
2020-05-20,11001,District of Columbia,DC,7551,407,138.143,8.14286,5.26491,3.50994,7.89737,425.212,283.475,637.818,11176.1,7450.73,16764.2,0.0158358,0.0105572,0.0237537,67097.6,44731.7,100646,0.0950729,0.0633819,0.142609
2020-05-21,11001,District of Columbia,DC,7788,412,150.286,7.71429,5.25371,3.50247,7.88056,392.896,261.931,589.344,10800.5,7200.34,16200.8,0.0153036,0.0102024,0.0229555,67490.5,44993.7,101236,0.0956296,0.0637531,0.143444
2020-05-22,11001,District of Columbia,DC,7893,418,146,7.14286,5.43651,3.62434,8.15476,375.366,250.244,563.049,10377.1,6918.07,15565.7,0.0147037,0.00980246,0.0220555,67865.9,45243.9,101799,0.0961615,0.0641076,0.144242
2020-05-23,11001,District of Columbia,DC,7966,427,132,7.42857,7.17478,4.78318,10.7622,370.624,247.083,555.937,9901.55,6601.03,14852.3,0.0140299,0.00935323,0.0210448,68236.5,45491,102355,0.0966866,0.0644577,0.14503
2020-05-24,11001,District of Columbia,DC,8110,432,141,7,6.36969,4.24646,9.55453,355.811,237.208,533.717,9377.07,6251.38,14065.6,0.0132867,0.00885779,0.01993,68592.3,45728.2,102888,0.0971908,0.0647938,0.145786
2020-05-25,11001,District of Columbia,DC,8225,440,136.429,6.85714,7.53018,5.02012,11.2953,335.654,223.769,503.481,8798.63,5865.75,13198,0.0124671,0.00831139,0.0187006,68927.9,45952,103392,0.0976664,0.0651109,0.1465
2020-05-26,11001,District of Columbia,DC,8334,440,128.571,5.71429,7.61427,5.07618,11.4214,309.262,206.175,463.894,8191.12,5460.74,12286.7,0.0116063,0.00773751,0.0174094,69237.2,46158.1,103856,0.0981046,0.065403,0.147157
2020-05-27,11001,District of Columbia,DC,8406,445,122.143,5.42857,7.89078,5.26052,11.8362,294.908,196.605,442.361,7548.67,5032.44,11323,0.010696,0.00713064,0.016044,69532.1,46354.7,104298,0.0985224,0.0656816,0.147784
2020-05-28,11001,District of Columbia,DC,8492,453,100.571,5.85714,8.03831,5.35888,12.0575,281.988,187.992,422.982,6949.72,4633.14,10424.6,0.00984729,0.00656486,0.0147709,69814.1,46542.7,104721,0.098922,0.065948,0.148383
2020-05-29,11001,District of Columbia,DC,8538,460,92.1429,6,10.1773,6.78484,15.2659,267.26,178.173,400.89,6385.7,4257.13,9578.55,0.00904812,0.00603208,0.0135722,70081.4,46720.9,105122,0.0993007,0.0662005,0.148951
2020-05-30,11001,District of Columbia,DC,8717,462,107.286,5,5.14636,3.43091,7.71954,242.001,161.334,363.002,5880.04,3920.03,8820.06,0.00833163,0.00555442,0.0124974,70323.4,46882.2,105485,0.0996436,0.0664291,0.149465
2020-05-31,11001,District of Columbia,DC,8801,466,98.7143,4.85714,5.57663,3.71775,8.36495,219.166,146.111,328.749,5436.49,3624.33,8154.74,0.00770315,0.00513543,0.0115547,70542.5,47028.4,105814,0.0999541,0.0666361,0.149931
2020-06-01,11001,District of Columbia,DC,8857,468,90.2857,4,4.89613,3.26409,7.3442,201.315,134.21,301.973,5054.02,3369.35,7581.03,0.00716122,0.00477414,0.0107418,70743.8,47162.6,106116,0.100239,0.0668263,0.150359
2020-06-02,11001,District of Columbia,DC,8886,470,78.8571,4.28571,4.87389,3.24926,7.31084,185.91,123.94,278.864,4712.59,3141.73,7068.89,0.00667743,0.00445162,0.0100161,70929.8,47286.5,106395,0.100503,0.0670019,0.150754
2020-06-03,11001,District of Columbia,DC,9016,473,87.1429,4,4.71978,3.14652,7.07967,168.803,112.535,253.205,4426.18,2950.79,6639.27,0.0062716,0.00418107,0.0094074,71098.6,47399,106648,0.100742,0.0671613,0.151113
2020-06-04,11001,District of Columbia,DC,9120,475,89.7143,3.14286,4.60687,3.07124,6.9103,151.132,100.755,226.698,4152.1,2768.07,6228.15,0.00588325,0.00392217,0.00882487,71249.7,47499.8,106875,0.100956,0.0673041,0.151434
2020-06-05,11001,District of Columbia,DC,9199,479,94.4286,2.71429,4.58446,3.05631,6.87669,136.174,90.7827,204.261,3895.38,2596.92,5843.06,0.00551949,0.00367966,0.00827924,71385.9,47590.6,107079,0.101149,0.0674327,0.151724
2020-06-06,11001,District of Columbia,DC,9269,483,78.8571,3,4.33819,2.89213,6.50729,128.392,85.5944,192.587,3648.4,2432.27,5472.6,0.00516954,0.00344636,0.00775432,71514.3,47676.2,107271,0.101331,0.067554,0.151997
2020-06-07,11001,District of Columbia,DC,9332,489,75.8571,3.28571,4.2749,2.84994,6.41235,125.161,83.4405,187.741,3402.94,2268.62,5104.41,0.00482174,0.00321449,0.00723261,71639.4,47759.6,107459,0.101508,0.0676722,0.152263
2020-06-08,11001,District of Columbia,DC,9389,491,76,3.28571,4.20187,2.80125,6.3028,120.026,80.0176,180.04,3167.15,2111.43,4750.73,0.00448765,0.00299176,0.00673147,71759.4,47839.6,107639,0.101678,0.0677856,0.152518
2020-06-09,11001,District of Columbia,DC,9474,495,84,3.57143,4.18034,2.78689,6.27051,114.227,76.1512,171.34,2945.73,1963.82,4418.59,0.0041739,0.0027826,0.00626085,71873.7,47915.8,107811,0.10184,0.0678935,0.15276
2020-06-10,11001,District of Columbia,DC,9537,499,74.4286,3.71429,4.13285,2.75524,6.19928,111.55,74.3663,167.324,2748.01,1832.01,4122.02,0.00389375,0.00259584,0.00584063,71985.2,47990.1,107978,0.101998,0.0679989,0.152998
2020-06-11,11001,District of Columbia,DC,9589,502,67,3.85714,4.06269,2.70846,6.09403,109.767,73.1779,164.65,2562.87,1708.58,3844.31,0.00363142,0.00242095,0.00544713,72095,48063.3,108143,0.102154,0.0681026,0.153231
2020-06-12,11001,District of Columbia,DC,9654,506,65,3.85714,3.81792,2.54528,5.72688,108.232,72.1545,162.348,2389.12,1592.74,3583.67,0.00338522,0.00225681,0.00507783,72203.2,48135.5,108305,0.102307,0.0682048,0.153461
2020-06-13,11001,District of Columbia,DC,9709,511,62.8571,4,3.84386,2.56257,5.76579,105.296,70.197,157.943,2227.15,1484.77,3340.73,0.00315573,0.00210382,0.00473359,72308.5,48205.7,108463,0.102456,0.0683043,0.153685
2020-06-14,11001,District of Columbia,DC,9767,515,62.1429,3.71429,3.76304,2.50869,5.64456,101.571,67.7138,152.356,2086.72,1391.15,3130.08,0.00295675,0.00197116,0.00443512,72410.1,48273.4,108615,0.1026,0.0684002,0.153901
2020-06-15,11001,District of Columbia,DC,9799,515,58.5714,3.42857,3.69194,2.46129,5.53791,99.6057,66.4037,149.408,1967.16,1311.44,2950.74,0.00278734,0.00185822,0.004181,72509.7,48339.8,108765,0.102741,0.0684943,0.154112
2020-06-16,11001,District of Columbia,DC,9818,520,49.1429,3.57143,3.54762,2.36508,5.32142,100.545,67.0303,150.818,1866.39,1244.26,2799.58,0.00264455,0.00176303,0.00396683,72610.2,48406.8,108915,0.102884,0.0685893,0.154326
2020-06-17,11001,District of Columbia,DC,9847,523,44.2857,3.42857,3.33644,2.22429,5.00466,99.554,66.3693,149.331,1780.03,1186.69,2670.05,0.00252219,0.00168146,0.00378329,72709.8,48473.2,109065,0.103025,0.0686833,0.154538
2020-06-18,11001,District of Columbia,DC,9903,527,44.8571,3.57143,3.28248,2.18832,4.92372,99.9164,66.6109,149.875,1711.15,1140.76,2566.72,0.00242458,0.00161639,0.00363687,72809.7,48539.8,109215,0.103167,0.0687777,0.15475
2020-06-19,11001,District of Columbia,DC,9952,530,42.5714,3.42857,3.29625,2.1975,4.94437,99.1275,66.085,148.691,1659.14,1106.1,2488.71,0.0023509,0.00156726,0.00352634,72908.8,48605.9,109363,0.103307,0.0688714,0.154961
2020-06-20,11001,District of Columbia,DC,9984,531,39.2857,2.85714,3.10208,2.06806,4.65313,99.7283,66.4856,149.593,1622.7,1081.8,2434.05,0.00229926,0.00153284,0.00344888,73008.6,48672.4,109513,0.103448,0.0689656,0.155173
2020-06-21,11001,District of Columbia,DC,10020,533,36.1429,2.57143,3.04763,2.03175,4.57145,102.609,68.4061,153.914,1596.92,1064.61,2395.37,0.00226272,0.00150848,0.00339408,73111.2,48740.8,109667,0.103594,0.0690625,0.155391
2020-06-22,11001,District of Columbia,DC,10058,535,37,2.85714,3.01448,2.00965,4.52171,106.413,70.9418,159.619,1578.17,1052.11,2367.25,0.00223616,0.00149077,0.00335424,73217.6,48811.7,109826,0.103745,0.069163,0.155617
2020-06-23,11001,District of Columbia,DC,10094,537,39.4286,2.42857,3.03999,2.02666,4.55999,109.692,73.128,164.538,1567.83,1045.22,2351.75,0.00222152,0.00148101,0.00333227,73327.3,48884.8,109991,0.1039,0.0692666,0.15585
2020-06-24,11001,District of Columbia,DC,10128,541,40.1429,2.57143,3.11737,2.07825,4.67605,117.354,78.2357,176.03,1570.96,1047.31,2356.44,0.00222595,0.00148396,0.00333892,73444.6,48963.1,110167,0.104066,0.0693775,0.156099
2020-06-25,11001,District of Columbia,DC,10159,543,36.5714,2.28571,3.04345,2.02896,4.56517,124.929,83.2861,187.394,1584.34,1056.23,2376.51,0.0022449,0.0014966,0.00336736,73569.6,49046.4,110354,0.104243,0.0694955,0.156365
2020-06-26,11001,District of Columbia,DC,10185,546,33.2857,2.28571,2.99613,1.99742,4.49419,134.696,89.7972,202.044,1609.27,1072.84,2413.9,0.00228023,0.00152015,0.00342034,73704.3,49136.2,110556,0.104434,0.0696227,0.156651
2020-06-27,11001,District of Columbia,DC,10216,548,33.1429,2.42857,3.11159,2.07439,4.66738,142.134,94.7557,213.2,1643.17,1095.45,2464.75,0.00232826,0.00155218,0.0034924,73846.4,49230.9,110770,0.104635,0.069757,0.156953
2020-06-28,11001,District of Columbia,DC,10248,550,32.5714,2.42857,2.9987,1.99913,4.49804,147.746,98.4976,221.62,1685.62,1123.75,2528.43,0.00238841,0.00159228,0.00358262,73994.1,49329.4,110991,0.104845,0.0698966,0.157267
2020-06-29,11001,District of Columbia,DC,10292,551,33.4286,2.28571,3.01506,2.01004,4.52259,153.4,102.267,230.101,1737.45,1158.3,2606.18,0.00246185,0.00164124,0.00369278,74147.5,49431.7,111221,0.105062,0.0700415,0.157593
2020-06-30,11001,District of Columbia,DC,10327,551,33.2857,2,2.98353,1.98902,4.4753,157.143,104.762,235.714,1794.99,1196.66,2692.48,0.00254338,0.00169559,0.00381507,74304.7,49536.4,111457,0.105285,0.0701899,0.157927
2020-07-01,11001,District of Columbia,DC,10365,553,33.8571,1.71429,2.92602,1.95068,4.38903,159.334,106.222,239.001,1853.78,1235.85,2780.66,0.00262668,0.00175112,0.00394002,74464,49642.7,111696,0.105511,0.0703404,0.158266
2020-07-02,11001,District of Columbia,DC,10390,554,33,1.57143,2.95599,1.97066,4.43399,162.467,108.311,243.7,1916.69,1277.79,2875.03,0.00271582,0.00181055,0.00407373,74626.5,49751,111940,0.105741,0.0704939,0.158611
2020-07-03,11001,District of Columbia,DC,10435,555,35.7143,1.28571,2.97659,1.98439,4.46488,165.279,110.186,247.919,1982.05,1321.37,2973.08,0.00280844,0.00187229,0.00421266,74791.8,49861.2,112188,0.105975,0.07065,0.158963
2020-07-04,11001,District of Columbia,DC,10447,557,33,1.28571,2.91475,1.94317,4.37212,172.54,115.026,258.809,2055.46,1370.31,3083.2,0.00291246,0.00194164,0.00436869,74964.3,49976.2,112446,0.106219,0.070813,0.159329
2020-07-05,11001,District of Columbia,DC,10482,559,33.4286,1.28571,2.99769,1.99846,4.49653,180.945,120.63,271.417,2136.68,1424.45,3205.02,0.00302754,0.00201836,0.0045413,75145.2,50096.8,112718,0.106476,0.0709839,0.159714
2020-07-06,11001,District of Columbia,DC,10515,561,31.8571,1.42857,2.99046,1.99364,4.48569,187.936,125.291,281.905,2222.01,1481.34,3333.01,0.00314844,0.00209896,0.00472266,75333.2,50222.1,113000,0.106742,0.0711614,0.160113
2020-07-07,11001,District of Columbia,DC,10569,561,34.5714,1.42857,2.99422,1.99615,4.49134,198.411,132.274,297.617,2314.01,1542.67,3471.01,0.00327879,0.00218586,0.00491819,75531.6,50354.4,113297,0.107023,0.0713489,0.160535
2020-07-08,11001,District of Columbia,DC,10642,564,39.5714,1.57143,3.0131,2.00873,4.51965,206.574,137.716,309.861,2410.89,1607.26,3616.33,0.00341607,0.00227738,0.0051241,75738.2,50492.1,113607,0.107316,0.071544,0.160974
2020-07-09,11001,District of Columbia,DC,10679,568,41.2857,2,3.00764,2.00509,4.51145,213.017,142.011,319.525,2506.55,1671.03,3759.83,0.00355162,0.00236775,0.00532743,75951.2,50634.1,113927,0.107618,0.0717452,0.161427
2020-07-10,11001,District of Columbia,DC,10743,568,44,1.85714,2.93777,1.95851,4.40666,218.561,145.707,327.841,2600.18,1733.46,3900.27,0.00368429,0.00245619,0.00552643,76169.7,50779.8,114255,0.107928,0.0719517,0.161891
2020-07-11,11001,District of Columbia,DC,10801,568,50.5714,1.57143,2.9625,1.975,4.44375,220.705,147.136,331.057,2686.19,1790.79,4029.29,0.00380616,0.00253744,0.00570923,76390.4,50927,114586,0.10824,0.0721602,0.16236
2020-07-12,11001,District of Columbia,DC,10847,568,52.1429,1.28571,2.9388,1.9592,4.4082,218.249,145.499,327.373,2762.31,1841.54,4143.46,0.00391401,0.00260934,0.00587101,76608.7,51072.5,114913,0.108549,0.0723663,0.162824
2020-07-13,11001,District of Columbia,DC,10906,568,55.8571,1,2.92952,1.95301,4.39428,217.43,144.953,326.146,2831.99,1887.99,4247.99,0.00401274,0.00267516,0.00601912,76826.1,51217.4,115239,0.108858,0.0725717,0.163286
2020-07-14,11001,District of Columbia,DC,10946,568,53.8571,1,2.88872,1.92582,4.33309,213.11,142.074,319.666,2891.7,1927.8,4337.55,0.00409735,0.00273157,0.00614602,77039.2,51359.5,115559,0.10916,0.072773,0.163739
2020-07-15,11001,District of Columbia,DC,11026,571,54.8571,1,2.88974,1.92649,4.3346,210.174,140.116,315.261,2944.73,1963.15,4417.1,0.00417249,0.00278166,0.00625874,77249.4,51499.6,115874,0.109457,0.0729716,0.164186
2020-07-16,11001,District of Columbia,DC,11076,574,56.7143,0.857143,2.88728,1.92485,4.33092,207.593,138.395,311.389,2992.99,1995.33,4489.49,0.00424087,0.00282725,0.00636131,77457,51638,116186,0.109751,0.0731677,0.164627
2020-07-17,11001,District of Columbia,DC,11115,577,53.1429,1.28571,2.92529,1.95019,4.38793,202.393,134.929,303.59,3032.92,2021.95,4549.38,0.00429745,0.00286496,0.00644617,77659.4,51772.9,116489,0.110038,0.0733588,0.165057
2020-07-18,11001,District of Columbia,DC,11194,578,56.1429,1.42857,2.94169,1.96113,4.41254,197.566,131.711,296.349,3065.2,2043.47,4597.81,0.00434319,0.00289546,0.00651479,77857,51904.6,116785,0.110318,0.0735455,0.165477
2020-07-19,11001,District of Columbia,DC,11261,578,59.1429,1.42857,2.96177,1.97452,4.44266,195,130,292.5,3087.67,2058.44,4631.5,0.00437502,0.00291668,0.00656253,78052,52034.6,117078,0.110595,0.0737297,0.165892
2020-07-20,11001,District of Columbia,DC,11339,579,61.8571,1.57143,2.96364,1.97576,4.44546,192.535,128.357,288.803,3099.26,2066.17,4648.88,0.00439144,0.00292763,0.00658716,78244.5,52163,117367,0.110867,0.0739115,0.166301
2020-07-21,11001,District of Columbia,DC,11427,580,68.7143,1.71429,3.00377,2.00251,4.50565,191.97,127.98,287.955,3103.29,2068.86,4654.93,0.00439716,0.00293144,0.00659573,78436.5,52291,117655,0.111139,0.0740929,0.166709
2020-07-22,11001,District of Columbia,DC,11529,580,71.8571,1.28571,3.02488,2.01659,4.53732,189.958,126.638,284.936,3094.84,2063.22,4642.25,0.00438518,0.00292345,0.00657777,78626.4,52417.6,117940,0.111408,0.0742723,0.167113
2020-07-23,11001,District of Columbia,DC,11571,581,70.7143,1,3.00775,2.00517,4.51162,189.724,126.483,284.586,3077.99,2051.99,4616.98,0.0043613,0.00290754,0.00654195,78816.2,52544.1,118224,0.111677,0.0744515,0.167516
2020-07-24,11001,District of Columbia,DC,11649,581,76.2857,0.571429,2.99903,1.99936,4.49855,192.656,128.437,288.983,3057.63,2038.42,4586.44,0.00433245,0.0028883,0.00649868,79008.8,52672.5,118513,0.11195,0.0746335,0.167925
2020-07-25,11001,District of Columbia,DC,11717,581,74.7143,0.428571,2.97523,1.98348,4.46284,194.95,129.967,292.425,3034.01,2022.68,4551.02,0.004299,0.002866,0.0064485,79203.8,52802.5,118806,0.112227,0.0748177,0.16834
2020-07-26,11001,District of Columbia,DC,11780,581,74.1429,0.428571,2.97085,1.98056,4.45627,199.322,132.881,298.983,3012.63,2008.42,4518.95,0.0042687,0.0028458,0.00640305,79403.1,52935.4,119105,0.112509,0.075006,0.168763
2020-07-27,11001,District of Columbia,DC,11858,582,74.1429,0.428571,2.996,1.99733,4.494,201.949,134.632,302.923,2996.33,1997.55,4494.5,0.0042456,0.0028304,0.0063684,79605,53070,119408,0.112795,0.0751967,0.169193
2020-07-28,11001,District of Columbia,DC,11945,583,74,0.428571,2.99201,1.99467,4.48801,204.153,136.102,306.229,2983.05,1988.7,4474.58,0.00422679,0.00281786,0.00634018,79809.2,53206.1,119714,0.113084,0.0753896,0.169627
2020-07-29,11001,District of Columbia,DC,11999,584,67.1429,0.571429,2.98122,1.98748,4.47184,206.375,137.583,309.562,2976.32,1984.21,4464.48,0.00421725,0.0028115,0.00632587,80015.6,53343.7,120023,0.113377,0.0755845,0.170065
2020-07-30,11001,District of Columbia,DC,12057,584,69.4286,0.428571,2.98093,1.98729,4.47139,204.478,136.319,306.718,2970.62,1980.41,4455.93,0.00420918,0.00280612,0.00631376,80220,53480,120330,0.113667,0.0757777,0.1705
2020-07-31,11001,District of Columbia,DC,12126,585,68.1429,0.571429,2.91364,1.94243,4.37046,201.553,134.369,302.33,2964.58,1976.39,4446.87,0.00420062,0.00280041,0.00630093,80421.6,53614.4,120632,0.113952,0.0759681,0.170928
2020-08-01,11001,District of Columbia,DC,12205,585,69.7143,0.571429,2.89379,1.92919,4.34069,196.729,131.153,295.094,2958.92,1972.61,4438.38,0.00419259,0.00279506,0.00628889,80618.3,53745.5,120928,0.114231,0.0761539,0.171346
2020-08-02,11001,District of Columbia,DC,12274,586,70.5714,0.714286,2.86516,1.91011,4.29774,188.347,125.565,282.521,2949.7,1966.47,4424.55,0.00417953,0.00278635,0.0062693,80806.7,53871.1,121210,0.114498,0.0763318,0.171747
2020-08-03,11001,District of Columbia,DC,12313,586,65,0.571429,2.85742,1.90495,4.28613,180.08,120.053,270.12,2934.78,1956.52,4402.17,0.00415839,0.00277226,0.00623758,80986.7,53991.2,121480,0.114753,0.0765019,0.172129
2020-08-04,11001,District of Columbia,DC,12398,587,64.7143,0.571429,2.89921,1.93281,4.34881,169.553,113.036,254.33,2911.8,1941.2,4367.7,0.00412583,0.00275055,0.00618874,81156.3,54104.2,121734,0.114993,0.0766621,0.17249
2020-08-05,11001,District of Columbia,DC,12443,587,63.4286,0.428571,2.87264,1.91509,4.30895,161.432,107.621,242.148,2881.26,1920.84,4321.89,0.00408256,0.0027217,0.00612383,81317.7,54211.8,121977,0.115222,0.0768146,0.172833
2020-08-06,11001,District of Columbia,DC,12518,587,65.8571,0.428571,2.88058,1.92038,4.32086,155.247,103.498,232.87,2846.55,1897.7,4269.82,0.00403337,0.00268891,0.00605006,81473,54315.3,122209,0.115442,0.0769612,0.173163
2020-08-07,11001,District of Columbia,DC,12589,589,66.1429,0.571429,2.94191,1.96127,4.41286,148.939,99.2924,223.408,2805.76,1870.51,4208.64,0.00397558,0.00265039,0.00596337,81621.9,54414.6,122433,0.115653,0.0771019,0.173479
2020-08-08,11001,District of Columbia,DC,12653,590,64,0.714286,2.93207,1.95471,4.3981,144.619,96.4126,216.928,2757.73,1838.48,4136.59,0.00390752,0.00260501,0.00586128,81766.5,54511,122650,0.115858,0.0772385,0.173787
2020-08-09,11001,District of Columbia,DC,12753,591,68.4286,0.714286,2.93098,1.95398,4.39646,140.985,93.9899,211.478,2703.76,1802.51,4055.64,0.00383105,0.00255403,0.00574658,81907.5,54605,122861,0.116058,0.0773717,0.174086
2020-08-10,11001,District of Columbia,DC,12807,591,70.5714,0.714286,2.92264,1.94843,4.38397,140.998,93.9989,211.498,2645.44,1763.62,3968.16,0.00374841,0.00249894,0.00562262,82048.5,54699,123073,0.116257,0.0775049,0.174386
2020-08-11,11001,District of Columbia,DC,12896,593,71.1429,0.857143,2.86297,1.90865,4.29446,142.81,95.2067,214.215,2586.3,1724.2,3879.45,0.00366462,0.00244308,0.00549692,82191.3,54794.2,123287,0.11646,0.0776398,0.17469
2020-08-12,11001,District of Columbia,DC,12959,593,73.7143,0.857143,2.88699,1.92466,4.33049,143.628,95.7517,215.441,2525.77,1683.85,3788.66,0.00357886,0.0023859,0.00536828,82335,54890,123502,0.116663,0.0777755,0.174995
2020-08-13,11001,District of Columbia,DC,13024,594,72.2857,1,2.87874,1.91916,4.31811,143.531,95.6875,215.297,2462.93,1641.95,3694.4,0.00348981,0.00232654,0.00523472,82478.5,54985.7,123718,0.116867,0.0779111,0.1753
2020-08-14,11001,District of Columbia,DC,13118,594,75.5714,0.714286,2.77902,1.85268,4.16853,142.84,95.2263,214.259,2401.29,1600.86,3601.94,0.00340247,0.00226831,0.00510371,82621.3,55080.9,123932,0.117069,0.078046,0.175604
2020-08-15,11001,District of Columbia,DC,13159,597,72.2857,1,2.81115,1.8741,4.21673,143.164,95.4423,214.745,2342.9,1561.93,3514.35,0.00331974,0.00221316,0.00497961,82764.5,55176.3,124147,0.117272,0.0781812,0.175908
2020-08-16,11001,District of Columbia,DC,13220,597,66.7143,0.857143,2.80734,1.87156,4.21102,146.529,97.6858,219.793,2292.7,1528.47,3439.05,0.00324861,0.00216574,0.00487291,82911,55274,124367,0.117479,0.0783196,0.176219
2020-08-17,11001,District of Columbia,DC,13273,597,66.5714,0.857143,2.79067,1.86045,4.186,143.697,95.798,215.546,2248.05,1498.7,3372.08,0.00318534,0.00212356,0.00477801,83054.7,55369.8,124582,0.117683,0.0784554,0.176525
2020-08-18,11001,District of Columbia,DC,13325,599,61.2857,0.857143,2.77246,1.8483,4.15868,140.689,93.7929,211.034,2208.66,1472.44,3312.99,0.00312953,0.00208635,0.00469429,83195.4,55463.6,124793,0.117882,0.0785883,0.176824
2020-08-19,11001,District of Columbia,DC,13354,600,56.4286,1,2.73158,1.82106,4.09738,135.852,90.5682,203.778,2174.96,1449.97,3262.44,0.00308177,0.00205452,0.00462266,83331.3,55554.2,124997,0.118075,0.0787166,0.177112
2020-08-20,11001,District of Columbia,DC,13409,601,55,1,2.73127,1.82085,4.0969,132.552,88.3681,198.828,2146.08,1430.72,3219.12,0.00304085,0.00202723,0.00456128,83463.8,55642.5,125196,0.118263,0.0788418,0.177394
2020-08-21,11001,District of Columbia,DC,13469,602,50.1429,1.14286,2.71877,1.81251,4.07816,130.384,86.9225,195.575,2121.22,1414.14,3181.82,0.00300562,0.00200375,0.00450844,83594.2,55729.5,125391,0.118447,0.078965,0.177671
2020-08-22,11001,District of Columbia,DC,13534,604,53.5714,1,2.73198,1.82132,4.09797,126.799,84.5325,190.198,2099.08,1399.38,3148.61,0.00297425,0.00198284,0.00446138,83721,55814,125582,0.118627,0.0790848,0.177941
2020-08-23,11001,District of Columbia,DC,13590,604,52.8571,1,2.72421,1.81614,4.08632,121.619,81.0794,182.429,2076.08,1384.05,3114.11,0.00294166,0.00196111,0.0044125,83842.6,55895.1,125764,0.118799,0.0791996,0.178199
2020-08-24,11001,District of Columbia,DC,13639,604,52.2857,1,2.70862,1.80574,4.06292,117.77,78.5133,176.655,2052.86,1368.57,3079.29,0.00290877,0.00193918,0.00436315,83960.4,55973.6,125941,0.118966,0.0793109,0.17845
2020-08-25,11001,District of Columbia,DC,13684,604,51.2857,0.714286,2.72345,1.81563,4.08517,116.327,77.5511,174.49,2028.19,1352.13,3042.28,0.00287381,0.00191587,0.00431072,84076.7,56051.1,126115,0.119131,0.0794208,0.178697
2020-08-26,11001,District of Columbia,DC,13684,605,47.1429,0.714286,2.73005,1.82003,4.09508,113.308,75.5389,169.963,1998.69,1332.46,2998.03,0.00283201,0.00188801,0.00424801,84190,56126.7,126285,0.119292,0.0795278,0.178938
2020-08-27,11001,District of Columbia,DC,13794,605,55,0.571429,2.73298,1.82199,4.09947,113.183,75.4553,169.775,1968.24,1312.16,2952.36,0.00278887,0.00185925,0.00418331,84303.2,56202.1,126455,0.119452,0.0796347,0.179178
2020-08-28,11001,District of Columbia,DC,13851,605,54.5714,0.428571,2.73052,1.82035,4.09578,112.553,75.0356,168.83,1937.27,1291.51,2905.9,0.00274498,0.00182999,0.00411747,84415.8,56277.2,126624,0.119612,0.079741,0.179417
2020-08-29,11001,District of Columbia,DC,13925,605,55.8571,0.142857,2.72264,1.81509,4.08396,113.547,75.698,170.321,1907.97,1271.98,2861.96,0.00270347,0.00180231,0.00405521,84529.3,56352.9,126794,0.119772,0.0798483,0.179659
2020-08-30,11001,District of Columbia,DC,13959,606,52.7143,0.285714,2.7188,1.81253,4.07819,116.442,77.6278,174.662,1881.25,1254.17,2821.88,0.00266561,0.00177707,0.00399841,84645.7,56430.5,126969,0.119937,0.0799583,0.179906
2020-08-31,11001,District of Columbia,DC,13992,607,50.4286,0.428571,2.71235,1.80823,4.06852,122.264,81.5092,183.396,1856.99,1237.99,2785.48,0.00263123,0.00175415,0.00394684,84768,56512,127152,0.120111,0.0800738,0.180166
2020-09-01,11001,District of Columbia,DC,14049,607,52.1429,0.428571,2.72217,1.81478,4.08325,124.4,82.9331,186.599,1837.69,1225.13,2756.53,0.00260388,0.00173592,0.00390583,84892.4,56594.9,127339,0.120287,0.0801913,0.18043
2020-09-02,11001,District of Columbia,DC,14077,608,56.1429,0.428571,2.71199,1.80799,4.06798,132.427,88.2849,198.641,1829.43,1219.62,2744.14,0.00259218,0.00172812,0.00388827,85024.8,56683.2,127537,0.120475,0.0803164,0.180712
2020-09-03,11001,District of Columbia,DC,14135,609,48.7143,0.571429,2.67873,1.78582,4.0181,134.777,89.8511,202.165,1828.35,1218.9,2742.53,0.00259065,0.0017271,0.00388598,85159.6,56773.1,127739,0.120666,0.0804437,0.180998
2020-09-04,11001,District of Columbia,DC,14186,611,47.8571,0.857143,2.67368,1.78246,4.01053,136.794,91.1961,205.191,1832.59,1221.73,2748.89,0.00259666,0.00173111,0.003895,85296.4,56864.3,127945,0.120859,0.0805729,0.181289
2020-09-05,11001,District of Columbia,DC,14238,611,44.7143,0.857143,2.64387,1.76258,3.9658,136.611,91.0739,204.916,1838.82,1225.88,2758.23,0.00260549,0.00173699,0.00390823,85433,56955.3,128150,0.121053,0.080702,0.181579
2020-09-06,11001,District of Columbia,DC,14279,611,45.7143,0.714286,2.62979,1.75319,3.94468,133.094,88.7295,199.641,1845.12,1230.08,2767.67,0.00261441,0.00174294,0.00392161,85566.1,57044.1,128349,0.121242,0.0808277,0.181862
2020-09-07,11001,District of Columbia,DC,14315,611,46.1429,0.571429,2.6353,1.75687,3.95295,128.707,85.8045,193.06,1852.2,1234.8,2778.3,0.00262445,0.00174963,0.00393667,85694.8,57129.9,128542,0.121424,0.0809493,0.182136
2020-09-08,11001,District of Columbia,DC,14362,611,44.7143,0.571429,2.61319,1.74213,3.91979,125.678,83.7852,188.517,1860.11,1240.07,2790.17,0.00263566,0.0017571,0.00395348,85820.5,57213.7,128731,0.121602,0.081068,0.182403
2020-09-09,11001,District of Columbia,DC,14387,615,44.2857,1,2.61938,1.74625,3.92907,119.723,79.8152,179.584,1863.51,1242.34,2795.26,0.00264047,0.00176031,0.0039607,85940.2,57293.5,128910,0.121772,0.0811811,0.182657
2020-09-10,11001,District of Columbia,DC,14412,616,39.5714,1,2.61676,1.7445,3.92514,115.407,76.9382,173.111,1865.61,1243.74,2798.41,0.00264344,0.00176229,0.00396516,86055.6,57370.4,129083,0.121935,0.0812901,0.182903
2020-09-11,11001,District of Columbia,DC,14493,616,43.8571,0.714286,2.68718,1.79145,4.03077,111.318,74.2121,166.977,1863.74,1242.49,2795.61,0.0026408,0.00176053,0.0039612,86166.9,57444.6,129250,0.122093,0.0813953,0.183139
2020-09-12,11001,District of Columbia,DC,14493,616,36.4286,0.714286,2.66523,1.77682,3.99784,108.16,72.1068,162.24,1859.35,1239.57,2789.02,0.00263457,0.00175638,0.00395186,86275.1,57516.7,129413,0.122246,0.0814974,0.183369
2020-09-13,11001,District of Columbia,DC,14592,616,44.7143,0.714286,2.66898,1.77932,4.00348,106.4,70.9335,159.6,1852.2,1234.8,2778.3,0.00262445,0.00174963,0.00393667,86381.5,57587.7,129572,0.122397,0.0815979,0.183595
2020-09-14,11001,District of Columbia,DC,14622,616,43.8571,0.714286,2.67216,1.78144,4.00823,103.117,68.7446,154.675,1838.88,1225.92,2758.31,0.00260557,0.00173705,0.00390835,86484.6,57656.4,129727,0.122543,0.0816953,0.183815
2020-09-15,11001,District of Columbia,DC,14687,616,46.4286,0.714286,2.6665,1.77767,3.99975,100.679,67.1194,151.019,1817.29,1211.53,2725.94,0.00257498,0.00171666,0.00386247,86585.3,57723.5,129878,0.122686,0.0817904,0.184029
2020-09-16,11001,District of Columbia,DC,14743,617,50.8571,0.285714,2.67934,1.78623,4.01901,98.1848,65.4565,147.277,1791.08,1194.05,2686.61,0.00253784,0.00169189,0.00380676,86683.5,57789,130025,0.122825,0.0818832,0.184237
2020-09-17,11001,District of Columbia,DC,14790,619,54,0.428571,2.67229,1.78153,4.00844,97.2503,64.8335,145.875,1755.9,1170.6,2633.85,0.002488,0.00165866,0.00373199,86780.7,57853.8,130171,0.122963,0.0819751,0.184444
2020-09-18,11001,District of Columbia,DC,14852,619,51.2857,0.428571,2.58947,1.72631,3.8842,97.5503,65.0335,146.325,1718.67,1145.78,2578.01,0.00243525,0.0016235,0.00365287,86878.3,57918.8,130317,0.123101,0.0820672,0.184651
2020-09-19,11001,District of Columbia,DC,14902,619,58.4286,0.428571,2.62345,1.74896,3.93517,101.756,67.8371,152.634,1683.64,1122.42,2525.45,0.0023856,0.0015904,0.0035784,86980,57986.7,130470,0.123245,0.0821633,0.184868
2020-09-20,11001,District of Columbia,DC,14955,620,51.8571,0.571429,2.61847,1.74565,3.9277,104.729,69.8196,157.094,1651.75,1101.17,2477.63,0.00234043,0.00156028,0.00351064,87084.8,58056.5,130627,0.123393,0.0822623,0.18509
2020-09-21,11001,District of Columbia,DC,14978,621,50.8571,0.714286,2.58205,1.72137,3.87307,113.002,75.3344,169.503,1631.66,1087.77,2447.49,0.00231196,0.0015413,0.00346793,87197.8,58131.8,130797,0.123554,0.082369,0.18533
2020-09-22,11001,District of Columbia,DC,15021,621,47.7143,0.714286,2.56776,1.71184,3.85164,121.132,80.7546,181.698,1624.09,1082.72,2436.13,0.00230122,0.00153415,0.00345184,87318.9,58212.6,130978,0.123725,0.0824834,0.185588
2020-09-23,11001,District of Columbia,DC,15050,621,43.8571,0.571429,2.54571,1.69714,3.81856,130.035,86.6901,195.053,1628.44,1085.63,2442.67,0.0023074,0.00153827,0.0034611,87448.9,58299.3,131173,0.123909,0.0826063,0.185864
2020-09-24,11001,District of Columbia,DC,15106,621,45.1429,0.285714,2.51628,1.67752,3.77443,138.488,92.3253,207.732,1647.21,1098.14,2470.81,0.00233399,0.00155599,0.00350098,87587.4,58391.6,131381,0.124106,0.0827371,0.186158
2020-09-25,11001,District of Columbia,DC,15163,623,44.4286,0.571429,2.51191,1.6746,3.76786,146.492,97.6616,219.739,1678.29,1118.86,2517.44,0.00237803,0.00158535,0.00356705,87733.9,58489.3,131601,0.124313,0.0828755,0.18647
2020-09-26,11001,District of Columbia,DC,15215,624,44.7143,0.714286,2.49582,1.66388,3.74372,148.39,98.9264,222.584,1715.37,1143.58,2573.05,0.00243056,0.00162037,0.00364584,87882.3,58588.2,131823,0.124523,0.0830156,0.186785
2020-09-27,11001,District of Columbia,DC,15250,624,42.1429,0.571429,2.50523,1.67016,3.75785,154.463,102.976,231.695,1761.67,1174.45,2642.5,0.00249617,0.00166411,0.00374425,88036.8,58691.2,132055,0.124742,0.0831615,0.187114
2020-09-28,11001,District of Columbia,DC,15264,624,40.8571,0.428571,2.51345,1.67563,3.77017,152.743,101.828,229.114,1808.01,1205.34,2712.02,0.00256183,0.00170789,0.00384275,88189.5,58793,132284,0.124959,0.0833058,0.187438
2020-09-29,11001,District of Columbia,DC,15300,626,39.8571,0.714286,2.51931,1.67954,3.77896,151.213,100.809,226.819,1856.11,1237.4,2784.16,0.00262998,0.00175332,0.00394497,88340.7,58893.8,132511,0.125173,0.0834487,0.18776
2020-09-30,11001,District of Columbia,DC,15326,627,39.4286,0.857143,2.51919,1.67946,3.77878,149.12,99.4134,223.68,1904.55,1269.7,2856.82,0.00269862,0.00179908,0.00404793,88489.8,58993.2,132735,0.125384,0.0835895,0.188076
2020-10-01,11001,District of Columbia,DC,15358,628,36,1,2.51689,1.67793,3.77534,145.645,97.0968,218.468,1952.01,1301.34,2928.01,0.00276587,0.00184391,0.0041488,88635.5,59090.3,132953,0.125591,0.0837271,0.188386
2020-10-02,11001,District of Columbia,DC,15423,629,37.1429,0.857143,2.54521,1.6968,3.81781,141.14,94.0932,211.71,1995.9,1330.6,2993.85,0.00282806,0.00188537,0.00424208,88776.6,59184.4,133165,0.125791,0.0838604,0.188686
2020-10-03,11001,District of Columbia,DC,15473,629,36.8571,0.714286,2.55415,1.70276,3.83122,139.287,92.858,208.93,2037.63,1358.42,3056.45,0.00288719,0.0019248,0.00433079,88915.9,59277.3,133374,0.125988,0.083992,0.188982
2020-10-04,11001,District of Columbia,DC,15519,631,38.4286,1,2.57715,1.7181,3.86572,134.44,89.6265,201.66,2070.32,1380.21,3105.48,0.00293351,0.00195567,0.00440026,89050.4,59366.9,133576,0.126179,0.084119,0.189268
2020-10-05,11001,District of Columbia,DC,15547,631,40.4286,1,2.59203,1.72802,3.88804,133.489,88.993,200.234,2099.08,1399.39,3148.62,0.00297426,0.00198284,0.00446138,89183.8,59455.9,133776,0.126368,0.0842451,0.189552
2020-10-06,11001,District of Columbia,DC,15652,631,50.2857,0.714286,2.58226,1.72151,3.8734,130.809,87.2059,196.213,2116.89,1411.26,3175.33,0.00299949,0.00199966,0.00449923,89314.7,59543.1,133972,0.126553,0.0843687,0.18983
2020-10-07,11001,District of Columbia,DC,15652,631,46.5714,0.571429,2.57978,1.71985,3.86967,129.163,86.1086,193.744,2124.92,1416.61,3187.37,0.00301087,0.00200725,0.0045163,89443.8,59629.2,134166,0.126736,0.0844907,0.190104
2020-10-08,11001,District of Columbia,DC,15765,634,58.1429,0.857143,2.55429,1.70286,3.83144,129.868,86.579,194.803,2124.75,1416.5,3187.12,0.00301063,0.00200709,0.00451595,89573.7,59715.8,134361,0.12692,0.0846133,0.19038
2020-10-09,11001,District of Columbia,DC,15843,634,60,0.714286,2.52415,1.68276,3.78622,132.372,88.2484,198.559,2118.63,1412.42,3177.95,0.00300196,0.00200131,0.00450295,89706.1,59804,134559,0.127108,0.0847384,0.190661
2020-10-10,11001,District of Columbia,DC,15918,636,63.5714,1,2.46118,1.64079,3.69177,137.286,91.5243,205.93,2109.43,1406.29,3164.14,0.00298892,0.00199261,0.00448338,89843.3,59895.6,134765,0.127302,0.0848681,0.190953
2020-10-11,11001,District of Columbia,DC,15984,637,66.4286,0.857143,2.3816,1.58773,3.57239,143.127,95.4182,214.691,2104.17,1402.78,3156.25,0.00298146,0.00198764,0.0044722,89986.5,59991,134980,0.127505,0.0850033,0.191257
2020-10-12,11001,District of Columbia,DC,16022,637,67.8571,0.857143,2.37001,1.58001,3.55502,151.967,101.311,227.951,2101.67,1401.11,3152.51,0.00297793,0.00198529,0.00446689,90138.4,60092.3,135208,0.12772,0.0851468,0.19158
2020-10-13,11001,District of Columbia,DC,16068,637,59.4286,0.857143,2.40846,1.60564,3.61268,162.311,108.207,243.467,2111.24,1407.49,3166.86,0.00299149,0.00199432,0.00448723,90300.7,60200.5,135451,0.12795,0.0853001,0.191925
2020-10-14,11001,District of Columbia,DC,16132,638,68.5714,1,2.37214,1.58143,3.55821,174.395,116.263,261.592,2134.42,1422.95,3201.63,0.00302433,0.00201622,0.0045365,90475.1,60316.8,135713,0.128197,0.0854649,0.192296
2020-10-15,11001,District of Columbia,DC,16166,638,57.2857,0.571429,2.38223,1.58815,3.57334,186.002,124.001,279.002,2171.3,1447.53,3256.95,0.00307659,0.00205106,0.00461489,90661.1,60440.8,135992,0.128461,0.0856406,0.192691
2020-10-16,11001,District of Columbia,DC,16255,641,58.8571,1,2.39122,1.59415,3.58684,197.549,131.699,296.324,2223.21,1482.14,3334.81,0.00315014,0.00210009,0.00472521,90858.7,60572.5,136288,0.128741,0.0858272,0.193111
2020-10-17,11001,District of Columbia,DC,16334,641,59.4286,0.714286,2.38625,1.59083,3.57937,205.814,137.209,308.721,2287.88,1525.25,3431.82,0.00324178,0.00216118,0.00486267,91064.5,60709.7,136597,0.129032,0.0860216,0.193549
2020-10-18,11001,District of Columbia,DC,16370,641,55.1429,0.571429,2.42791,1.61861,3.64187,213.681,142.454,320.521,2362.27,1574.85,3543.41,0.00334719,0.00223146,0.00502078,91278.2,60852.1,136917,0.129335,0.0862235,0.194003
2020-10-19,11001,District of Columbia,DC,16395,641,53.2857,0.571429,2.42624,1.6175,3.63937,217.513,145.009,326.269,2445.35,1630.23,3668.02,0.0034649,0.00230993,0.00519735,91495.7,60997.1,137244,0.129643,0.0864289,0.194465
2020-10-20,11001,District of Columbia,DC,16445,642,53.8571,0.714286,2.41679,1.6112,3.62519,222.789,148.526,334.183,2534.65,1689.76,3801.97,0.00359143,0.00239429,0.00538714,91718.5,61145.7,137578,0.129959,0.0866394,0.194939
2020-10-21,11001,District of Columbia,DC,16498,642,52.2857,0.571429,2.46206,1.64137,3.69309,222.781,148.521,334.171,2626.62,1751.08,3939.93,0.00372175,0.00248116,0.00558262,91941.3,61294.2,137912,0.130275,0.0868498,0.195412
2020-10-22,11001,District of Columbia,DC,16537,642,53,0.571429,2.44935,1.6329,3.67403,223.988,149.325,335.982,2721.44,1814.3,4082.17,0.00385611,0.00257074,0.00578416,92165.3,61443.5,138248,0.130592,0.0870614,0.195888
2020-10-23,11001,District of Columbia,DC,16609,642,50.5714,0.142857,2.41197,1.60798,3.61796,224.937,149.958,337.405,2816.51,1877.67,4224.77,0.00399081,0.00266054,0.00598622,92390.2,61593.5,138585,0.130911,0.0872739,0.196366
2020-10-24,11001,District of Columbia,DC,16706,642,53.1429,0.142857,2.45167,1.63445,3.6775,227.309,151.539,340.963,2911.45,1940.97,4367.17,0.00412533,0.00275022,0.006188,92617.5,61745,138926,0.131233,0.0874886,0.196849
2020-10-25,11001,District of Columbia,DC,16767,642,56.7143,0.142857,2.44773,1.63182,3.6716,236.411,157.607,354.616,3010.57,2007.05,4515.86,0.00426579,0.00284386,0.00639867,92853.9,61902.6,139281,0.131568,0.0877119,0.197352
2020-10-26,11001,District of Columbia,DC,16812,642,59.5714,0.142857,2.46449,1.64299,3.69674,248.746,165.831,373.12,3116.19,2077.46,4674.29,0.00441544,0.00294363,0.00662316,93102.7,62068.4,139654,0.13192,0.0879469,0.197881
2020-10-27,11001,District of Columbia,DC,16906,644,65.8571,0.285714,2.49873,1.66582,3.7481,262.038,174.692,393.058,3226.26,2150.84,4839.39,0.0045714,0.0030476,0.0068571,93364.7,62243.1,140047,0.132292,0.0881944,0.198438
2020-10-28,11001,District of Columbia,DC,16973,644,67.8571,0.285714,2.49962,1.66641,3.74942,279.956,186.638,419.935,3343.91,2229.27,5015.86,0.0047381,0.00315873,0.00710715,93644.7,62429.8,140467,0.132688,0.0884589,0.199033
2020-10-29,11001,District of Columbia,DC,17074,645,76.7143,0.428571,2.4988,1.66587,3.7482,298.845,199.23,448.267,3468.36,2312.24,5202.54,0.00491444,0.00327629,0.00737165,93943.5,62629,140915,0.133112,0.0887412,0.199668
2020-10-30,11001,District of Columbia,DC,17144,646,76.4286,0.571429,2.54335,1.69556,3.81502,317.674,211.783,476.511,3600.03,2400.02,5400.04,0.00510101,0.00340067,0.00765151,94261.2,62840.8,141392,0.133562,0.0890413,0.200343
2020-10-31,11001,District of Columbia,DC,17266,646,80,0.571429,2.68594,1.79063,4.02892,343.741,229.161,515.612,3746.22,2497.48,5619.33,0.00530815,0.00353877,0.00796223,94604.9,63069.9,141907,0.134049,0.089366,0.201073
2020-11-01,11001,District of Columbia,DC,17369,646,86,0.571429,2.55893,1.70595,3.83839,359.976,239.984,539.965,3900.38,2600.26,5850.58,0.00552659,0.00368439,0.00828988,94964.9,63309.9,142447,0.134559,0.089706,0.201839
2020-11-02,11001,District of Columbia,DC,17438,647,89.4286,0.714286,2.54558,1.69705,3.81836,377.94,251.96,566.911,4064.64,2709.76,6096.97,0.00575933,0.00383956,0.008639,95342.8,63561.9,143014,0.135095,0.090063,0.202642
2020-11-03,11001,District of Columbia,DC,17524,647,88.2857,0.428571,2.51925,1.6795,3.77887,392.17,261.447,588.255,4239.3,2826.2,6358.95,0.00600681,0.00400454,0.00901022,95735,63823.3,143603,0.13565,0.0904335,0.203475
2020-11-04,11001,District of Columbia,DC,17601,647,89.7143,0.428571,2.50442,1.66962,3.75663,403.95,269.3,605.924,4420.46,2946.98,6630.69,0.0062635,0.00417567,0.00939526,96139,64092.6,144208,0.136223,0.0908151,0.204334
2020-11-05,11001,District of Columbia,DC,17682,650,86.8571,0.714286,2.51585,1.67723,3.77377,411.527,274.351,617.29,4609.21,3072.81,6913.81,0.00653095,0.00435396,0.00979642,96550.5,64367,144826,0.136806,0.0912038,0.205209
2020-11-06,11001,District of Columbia,DC,17792,652,92.5714,0.857143,2.49876,1.66584,3.74814,418.64,279.093,627.96,4803.86,3202.57,7205.79,0.00680675,0.00453784,0.0102101,96969.1,64646.1,145454,0.137399,0.0915992,0.206098
2020-11-07,11001,District of Columbia,DC,17891,654,89.2857,1.14286,2.40601,1.60401,3.60902,410.197,273.464,615.294,4989.12,3326.08,7483.68,0.00706925,0.00471284,0.0106039,97379.3,64919.5,146069,0.13798,0.0919867,0.20697
2020-11-08,11001,District of Columbia,DC,18001,654,90.2857,1.14286,2.53105,1.68736,3.79657,402.783,268.522,604.175,5164.59,3443.06,7746.89,0.00731789,0.00487859,0.0109768,97782.1,65188.1,146673,0.138551,0.0923672,0.207826
2020-11-09,11001,District of Columbia,DC,18087,655,92.7143,1.14286,2.527,1.68466,3.7905,390.036,260.024,585.054,5318.22,3545.48,7977.33,0.00753557,0.00502371,0.0113034,98172.1,65448.1,147258,0.139103,0.0927356,0.208655
2020-11-10,11001,District of Columbia,DC,18173,657,92.7143,1.42857,2.57799,1.71866,3.86698,380.753,253.835,571.129,5450.23,3633.48,8175.34,0.00772261,0.00514841,0.0115839,98552.9,65701.9,147829,0.139643,0.0930953,0.209464
2020-11-11,11001,District of Columbia,DC,18379,657,111.143,1.42857,2.59483,1.72989,3.89224,381.168,254.112,571.752,5569.35,3712.9,8354.03,0.00789141,0.00526094,0.0118371,98934.1,65956,148401,0.140183,0.0934554,0.210275
2020-11-12,11001,District of Columbia,DC,18507,657,117.857,1,2.58677,1.72452,3.88016,381.899,254.599,572.849,5671.3,3780.87,8506.95,0.00803586,0.00535724,0.0120538,99316,66210.6,148974,0.140724,0.0938161,0.211086
2020-11-13,11001,District of Columbia,DC,18666,657,124.857,0.714286,2.59783,1.73188,3.89674,381.53,254.353,572.295,5753.98,3835.99,8630.97,0.00815302,0.00543534,0.0122295,99697.5,66465,149546,0.141265,0.0941765,0.211897
2020-11-14,11001,District of Columbia,DC,18814,658,131.857,0.571429,2.58043,1.72029,3.87065,391.723,261.149,587.585,5828.03,3885.36,8742.05,0.00825794,0.00550529,0.0123869,100089,66726.1,150134,0.14182,0.0945466,0.21273
2020-11-15,11001,District of Columbia,DC,18977,660,139.429,0.857143,2.58724,1.72483,3.88087,405.4,270.266,608.1,5889.69,3926.46,8834.54,0.00834531,0.00556354,0.012518,100495,66996.4,150742,0.142394,0.0949295,0.213591
2020-11-16,11001,District of Columbia,DC,19064,660,139.571,0.714286,2.62297,1.74865,3.93446,427.517,285.011,641.275,5957.23,3971.49,8935.85,0.00844101,0.00562734,0.0126615,100922,67281.4,151383,0.143,0.0953333,0.2145
2020-11-17,11001,District of Columbia,DC,19309,660,162.286,0.428571,2.59719,1.73146,3.89579,453.994,302.662,680.99,6033.28,4022.19,9049.93,0.00854877,0.00569918,0.0128232,101376,67584.1,152064,0.143643,0.0957622,0.215465
2020-11-18,11001,District of Columbia,DC,19465,665,155.143,1.14286,2.59145,1.72763,3.88717,474.007,316.004,711.011,6115.12,4076.75,9172.68,0.00866473,0.00577648,0.0129971,101850,67900.1,152775,0.144315,0.09621,0.216472
2020-11-19,11001,District of Columbia,DC,19678,667,167.286,1.42857,2.57415,1.7161,3.86122,500.936,333.957,751.404,6212.11,4141.4,9318.16,0.00880215,0.0058681,0.0132032,102351,68234,153527,0.145025,0.0966831,0.217537
2020-11-20,11001,District of Columbia,DC,19808,669,163.143,1.71429,2.59873,1.73249,3.89809,533.498,355.665,800.248,6334.08,4222.72,9501.12,0.00897498,0.00598331,0.0134625,102885,68589.7,154327,0.145781,0.0971871,0.218671
2020-11-21,11001,District of Columbia,DC,19961,670,163.857,1.71429,2.57972,1.71981,3.86958,568.509,379.005,852.763,6483.95,4322.63,9725.92,0.00918733,0.00612488,0.013781,103453,68968.7,155180,0.146586,0.0977241,0.219879
2020-11-22,11001,District of Columbia,DC,20151,670,167.714,1.42857,2.46715,1.64476,3.70072,606.346,404.231,909.519,6680.1,4453.4,10020.1,0.00946526,0.00631017,0.0141979,104059,69372.9,156089,0.147445,0.0982969,0.221168
2020-11-23,11001,District of Columbia,DC,20290,672,175.143,1.71429,2.37454,1.58303,3.56181,624.703,416.468,937.054,6902.02,4601.34,10353,0.00977971,0.0065198,0.0146696,104684,69789.4,157026,0.148331,0.098887,0.222496
2020-11-24,11001,District of Columbia,DC,20409,673,157.143,1.85714,2.30607,1.53738,3.4591,640.78,427.187,961.17,7152.76,4768.51,10729.1,0.010135,0.00675666,0.0152025,105325,70216.6,157987,0.149238,0.0994923,0.223858
2020-11-25,11001,District of Columbia,DC,20516,677,150.143,1.71429,2.33213,1.55476,3.4982,659.548,439.699,989.322,7431.56,4954.37,11147.3,0.01053,0.00702002,0.015795,105984,70656.3,158977,0.150173,0.100115,0.22526
2020-11-26,11001,District of Columbia,DC,20736,677,151.143,1.42857,2.2587,1.5058,3.38806,,,,,,,,,,,,,,,
2020-11-27,11001,District of Columbia,DC,20937,677,161.286,1.14286,2.22575,1.48384,3.33863,,,,,,,,,,,,,,,
2020-11-28,11001,District of Columbia,DC,21308,678,192.429,1.14286,2.21179,1.47452,3.31768,,,,,,,,,,,,,,,
2020-11-29,11001,District of Columbia,DC,21448,680,185.286,1.42857,2.26081,1.5072,3.39121,,,,,,,,,,,,,,,
2020-11-30,11001,District of Columbia,DC,21552,680,180.286,1.14286,2.29246,1.52831,3.43869,,,,,,,,,,,,,,,
2020-12-01,11001,District of Columbia,DC,21685,685,182.286,1.71429,2.37944,1.58629,3.56916,,,,,,,,,,,,,,,
2020-12-02,11001,District of Columbia,DC,21842,690,189.429,1.85714,2.35385,1.56923,3.53078,,,,,,,,,,,,,,,
2020-12-03,11001,District of Columbia,DC,22164,692,204,2.14286,2.43238,1.62159,3.64857,,,,,,,,,,,,,,,
2020-12-04,11001,District of Columbia,DC,22480,693,220.429,2.28571,2.46937,1.64624,3.70405,,,,,,,,,,,,,,,
2020-12-05,11001,District of Columbia,DC,22872,695,223.429,2.42857,2.53194,1.68796,3.79791,,,,,,,,,,,,,,,
2020-12-06,11001,District of Columbia,DC,23136,697,241.143,2.42857,2.51883,1.67922,3.77825,,,,,,,,,,,,,,,
2020-12-07,11001,District of Columbia,DC,23319,701,252.429,3,2.54026,1.69351,3.8104,,,,,,,,,,,,,,,
2020-12-08,11001,District of Columbia,DC,23589,701,272,2.28571,2.49562,1.66374,3.74342,,,,,,,,,,,,,,,
2020-12-09,11001,District of Columbia,DC,23854,704,287.429,2,2.47279,1.64853,3.70918,,,,,,,,,,,,,,,
