date,fips,county,state,total_cases,total_deaths,daily_positive_7day_ma,daily_deaths_7day_ma,positivity_rate_7day_ma,prevalence_ratio_mean,prevalence_ratio_lower,prevalence_ratio_upper,rt_mean,new_infected_mean,new_infected_lower,new_infected_upper,current_infected_mean,current_infected_lower,current_infected_upper,perc_current_infected_mean,perc_current_infected_lower,perc_current_infected_upper,total_infected_mean,total_infected_lower,total_infected_upper,perc_total_infected_mean,perc_total_infected_lower,perc_total_infected_upper
2020-01-22,11001,District of Columbia,DC,0,0,,,,,,,,,,,,,,,,,,,,,,
2020-01-23,11001,District of Columbia,DC,0,0,,,,,,,,,,,,,,,,,,,,,,
2020-01-24,11001,District of Columbia,DC,0,0,,,,,,,,,,,,,,,,,,,,,,
2020-01-25,11001,District of Columbia,DC,0,0,,,,,,,,,,,,,,,,,,,,,,
2020-01-26,11001,District of Columbia,DC,0,0,,,,,,,,,,,,,,,,,,,,,,
2020-01-27,11001,District of Columbia,DC,0,0,,,,,,,,,,,,,,,,,,,,,,
2020-01-28,11001,District of Columbia,DC,0,0,,,,,,,,,,,,,,,,,,,,,,
2020-01-29,11001,District of Columbia,DC,0,0,,,,,,,,,,,,,,,,,,,,,,
2020-01-30,11001,District of Columbia,DC,0,0,,,,,,,,,,,,,,,,,,,,,,
2020-01-31,11001,District of Columbia,DC,0,0,,,,,,,,,,,,,,,,,,,,,,
2020-02-01,11001,District of Columbia,DC,0,0,,,,,,,,,,,,,,,,,,,,,,
2020-02-02,11001,District of Columbia,DC,0,0,,,,,,,,,,,,,,,,,,,,,,
2020-02-03,11001,District of Columbia,DC,0,0,,,,,,,,,,,,,,,,,,,,,,
2020-02-04,11001,District of Columbia,DC,0,0,,,,,,,,,,,,,,,,,,,,,,
2020-02-05,11001,District of Columbia,DC,0,0,,,,,,,,,,,,,,,,,,,,,,
2020-02-06,11001,District of Columbia,DC,0,0,,,,,,,,,,,,,,,,,,,,,,
2020-02-07,11001,District of Columbia,DC,0,0,,,,,,,,,,,,,,,,,,,,,,
2020-02-08,11001,District of Columbia,DC,0,0,,,,,,,,,,,,,,,,,,,,,,
2020-02-09,11001,District of Columbia,DC,0,0,,,,,,,,,,,,,,,,,,,,,,
2020-02-10,11001,District of Columbia,DC,0,0,,,,,,,,,,,,,,,,,,,,,,
2020-02-11,11001,District of Columbia,DC,0,0,,,,,,,,,,,,,,,,,,,,,,
2020-02-12,11001,District of Columbia,DC,0,0,,,,,,,,,,,,,,,,,,,,,,
2020-02-13,11001,District of Columbia,DC,0,0,,,,,,,,,,,,,,,,,,,,,,
2020-02-14,11001,District of Columbia,DC,0,0,,,,,,,,,,,,,,,,,,,,,,
2020-02-15,11001,District of Columbia,DC,0,0,,,,,,,,,,,,,,,,,,,,,,
2020-02-16,11001,District of Columbia,DC,0,0,,,,,,,,,,,,,,,,,,,,,,
2020-02-17,11001,District of Columbia,DC,0,0,,,,,,,,,,,,,,,,,,,,,,
2020-02-18,11001,District of Columbia,DC,0,0,,,,,,,,,,,,,,,,,,,,,,
2020-02-19,11001,District of Columbia,DC,0,0,,,,,,,,,,,,,,,,,,,,,,
2020-02-20,11001,District of Columbia,DC,0,0,,,,,,,,,,,,,,,,,,,,,,
2020-02-21,11001,District of Columbia,DC,0,0,,,,,,,,,,,,,,,,,,,,,,
2020-02-22,11001,District of Columbia,DC,0,0,,,,,,,,,,,,,,,,,,,,,,
2020-02-23,11001,District of Columbia,DC,0,0,,,,,,,,,,,,,,,,,,,,,,
2020-02-24,11001,District of Columbia,DC,0,0,,,,,,,,,,,,,,,,,,,,,,
2020-02-25,11001,District of Columbia,DC,0,0,,,,,,,,,,,,,,,,,,,,,,
2020-02-26,11001,District of Columbia,DC,0,0,,,,,,,,,,,,,,,,,,,,,,
2020-02-27,11001,District of Columbia,DC,0,0,,,,,,,,,,,,,,,,,,,,,,
2020-02-28,11001,District of Columbia,DC,0,0,,,,,,,,42.4286,28.2857,63.6429,42.4286,28.2857,63.6429,6.01185e-05,4.0079e-05,9.01778e-05,42.4286,28.2857,63.6429,6.01185e-05,4.0079e-05,9.01778e-05
2020-02-29,11001,District of Columbia,DC,0,0,,,,,,,,41.6429,27.7619,62.4643,84.0714,56.0476,126.107,0.000119124,7.94158e-05,0.000178686,84.0714,56.0476,126.107,0.000119124,7.94158e-05,0.000178686
2020-03-01,11001,District of Columbia,DC,0,0,,,,,,,,46.2143,30.8095,69.3214,130.286,86.8571,195.429,0.000184606,0.000123071,0.000276909,130.286,86.8571,195.429,0.000184606,0.000123071,0.000276909
2020-03-02,11001,District of Columbia,DC,0,0,,,,,,,,51.8036,34.5357,77.7054,182.089,121.393,273.134,0.000258009,0.000172006,0.000387013,182.089,121.393,273.134,0.000258009,0.000172006,0.000387013
2020-03-03,11001,District of Columbia,DC,0,0,,,,,,,,64.7714,43.181,97.1571,246.861,164.574,370.291,0.000349785,0.00023319,0.000524678,246.861,164.574,370.291,0.000349785,0.00023319,0.000524678
2020-03-04,11001,District of Columbia,DC,0,0,,,,,,,,79.6429,53.0952,119.464,326.504,217.669,489.755,0.000462634,0.000308423,0.000693951,326.504,217.669,489.755,0.000462634,0.000308423,0.000693951
2020-03-05,11001,District of Columbia,DC,0,0,,,,,,,,90.1224,60.0816,135.184,416.626,277.751,624.939,0.000590332,0.000393554,0.000885498,416.626,277.751,624.939,0.000590332,0.000393554,0.000885498
2020-03-06,11001,District of Columbia,DC,0,0,,,,,,,,104.061,69.3742,156.092,520.687,347.125,781.031,0.00073778,0.000491853,0.00110667,520.687,347.125,781.031,0.00073778,0.000491853,0.00110667
2020-03-07,11001,District of Columbia,DC,0,0,,,,,,,,121.296,80.8639,181.944,641.983,427.989,962.975,0.000909648,0.000606432,0.00136447,641.983,427.989,962.975,0.000909648,0.000606432,0.00136447
2020-03-08,11001,District of Columbia,DC,0,0,,,,,,,,142.041,94.6939,213.061,784.024,522.683,1176.04,0.00111091,0.000740607,0.00166637,784.024,522.683,1176.04,0.00111091,0.000740607,0.00166637
2020-03-09,11001,District of Columbia,DC,0,0,,,,,,,,165.378,110.252,248.066,949.402,632.934,1424.1,0.00134524,0.000896826,0.00201786,949.402,632.934,1424.1,0.00134524,0.000896826,0.00201786
2020-03-10,11001,District of Columbia,DC,0,0,,,,,,,,183.399,122.266,275.098,1132.8,755.2,1699.2,0.0016051,0.00107007,0.00240766,1132.8,755.2,1699.2,0.0016051,0.00107007,0.00240766
2020-03-11,11001,District of Columbia,DC,0,0,,,,,,,,196.008,130.672,294.012,1328.81,885.872,1993.21,0.00188283,0.00125522,0.00282425,1328.81,885.872,1993.21,0.00188283,0.00125522,0.00282425
2020-03-12,11001,District of Columbia,DC,0,0,,,,,,,,216.55,144.367,324.825,1545.36,1030.24,2318.04,0.00218967,0.00145978,0.00328451,1545.36,1030.24,2318.04,0.00218967,0.00145978,0.00328451
2020-03-13,11001,District of Columbia,DC,0,0,,,,,,,,247.465,164.977,371.198,1792.82,1195.22,2689.24,0.00254031,0.00169354,0.00381047,1792.82,1195.22,2689.24,0.00254031,0.00169354,0.00381047
2020-03-14,11001,District of Columbia,DC,0,0,,,,,,,,286.702,191.135,430.053,2037.1,1358.07,3055.65,0.00288643,0.00192429,0.00432965,2079.53,1386.35,3119.29,0.00294655,0.00196437,0.00441983
2020-03-15,11001,District of Columbia,DC,0,0,,,,,,,,332.849,221.899,499.273,2328.3,1552.2,3492.45,0.00329905,0.00219937,0.00494858,2412.38,1608.25,3618.56,0.00341818,0.00227878,0.00512726
2020-03-16,11001,District of Columbia,DC,22,0,3.14286,0,0.163265,13.5,9,20.25,1.853,368.96,245.973,553.44,2651.05,1767.37,3976.57,0.00375636,0.00250424,0.00563454,2781.34,1854.22,4172,0.00394097,0.00262731,0.00591145
2020-03-17,11001,District of Columbia,DC,22,0,3.14286,0,0.163462,13,8.66667,19.5,1.86989,415.658,277.105,623.487,3014.9,2009.94,4522.36,0.00427192,0.00284795,0.00640788,3196.99,2131.33,4795.49,0.00452993,0.00301995,0.00679489
2020-03-18,11001,District of Columbia,DC,31,0,4.42857,0,0.180556,12.5,8.33333,18.75,1.88571,482.308,321.539,723.463,3432.44,2288.29,5148.66,0.00486354,0.00324236,0.00729531,3679.3,2452.87,5518.95,0.00521333,0.00347555,0.00781999
2020-03-19,11001,District of Columbia,DC,40,0,5.71429,0,0.179012,12,8,18,1.88642,553.183,368.788,829.774,3905.98,2603.99,5858.97,0.00553452,0.00368968,0.00830178,4232.48,2821.66,6348.73,0.00599715,0.0039981,0.00899573
2020-03-20,11001,District of Columbia,DC,71,1,10.1429,0.142857,0.112546,11.5,7.66667,17.25,1.86987,619.248,412.832,928.871,4435.11,2956.74,6652.66,0.00628425,0.0041895,0.00942638,4851.73,3234.49,7277.6,0.00687458,0.00458306,0.0103119
2020-03-21,11001,District of Columbia,DC,98,0,14,0,0.127863,11,7.33333,16.5,1.83844,680.5,453.666,1020.75,5011.54,3341.03,7517.31,0.00710103,0.00473402,0.0106515,5532.23,3688.15,8298.34,0.00783881,0.00522587,0.0117582
2020-03-22,11001,District of Columbia,DC,102,2,14.5714,0.285714,0.0854167,10.5,7,15.75,1.79126,756.435,504.29,1134.65,5646.68,3764.45,8470.02,0.00800098,0.00533399,0.0120015,6288.67,4192.44,9433,0.00891063,0.00594042,0.0133659
2020-03-23,11001,District of Columbia,DC,120,2,14,0.285714,0.0887097,10,6.66667,15,1.7354,852.009,568.006,1278.01,6356.65,4237.77,9534.97,0.00900696,0.00600464,0.0135104,7140.67,4760.45,10711,0.0101179,0.00674524,0.0151768
2020-03-24,11001,District of Columbia,DC,141,2,17,0.285714,0.0953566,9.5,6.33333,14.25,1.67499,940.1,626.733,1410.15,7131.37,4754.25,10697.1,0.0101047,0.00673646,0.015157,8080.77,5387.18,12121.2,0.0114499,0.00763328,0.0171749
2020-03-25,11001,District of Columbia,DC,187,2,22.2857,0.285714,0.105776,9,6,13.5,1.59882,1002.39,668.257,1503.58,7950.36,5300.24,11925.5,0.0112651,0.00751009,0.0168977,9083.16,6055.44,13624.7,0.0128702,0.00858016,0.0193054
2020-03-26,11001,District of Columbia,DC,231,3,27.2857,0.428571,0.115315,8.5,5.66667,12.75,1.50594,1046.92,697.948,1570.38,8801.27,5867.51,13201.9,0.0124708,0.00831388,0.0187062,10130.1,6753.39,15195.1,0.0143537,0.00956911,0.0215305
2020-03-27,11001,District of Columbia,DC,271,3,28.5714,0.285714,0.123116,8.49775,5.66516,12.7466,1.40758,1087.4,724.935,1631.11,9672.13,6448.08,14508.2,0.0137048,0.00913651,0.0205572,11217.5,7478.32,16826.2,0.0158944,0.0105963,0.0238417
2020-03-28,11001,District of Columbia,DC,304,4,29.4286,0.571429,0.117495,8.23228,5.48818,12.3484,1.30877,1117.18,744.787,1675.77,10541.8,7027.89,15812.8,0.0149371,0.00995806,0.0224057,12334.7,8223.11,18502,0.0174774,0.0116516,0.0262161
2020-03-29,11001,District of Columbia,DC,342,5,34.2857,0.428571,0.138952,8.65648,5.77099,12.9847,1.21584,1099.61,733.071,1649.41,11354.7,7569.83,17032.1,0.0160889,0.010726,0.0241334,13434.3,8956.18,20151.4,0.0190355,0.0126903,0.0285532
2020-03-30,11001,District of Columbia,DC,401,9,40.1429,1,0.153722,8.87848,5.91899,13.3177,1.13234,1080.6,720.4,1620.9,12102.5,8068.33,18153.8,0.0171484,0.0114323,0.0257227,14514.9,9676.58,21772.3,0.0205666,0.0137111,0.0308499
2020-03-31,11001,District of Columbia,DC,495,9,50.5714,1,0.147629,8.62457,5.74971,12.9369,1.0684,1055.05,703.365,1582.57,12788.6,8525.72,19182.9,0.0181206,0.0120804,0.0271809,15569.9,10379.9,23354.9,0.0220615,0.0147077,0.0330923
2020-04-01,11001,District of Columbia,DC,586,9,57,1,0.17975,9.18593,6.12395,13.7789,1.02928,1052.79,701.862,1579.19,13425.7,8950.48,20138.6,0.0190234,0.0126822,0.0285351,16622.7,11081.8,24934.1,0.0235533,0.0157022,0.0353299
2020-04-02,11001,District of Columbia,DC,653,12,60.2857,1.28571,0.131341,8.04018,5.36012,12.0603,1.01907,1065.74,710.494,1598.61,14009.1,9339.43,21013.7,0.01985,0.0132334,0.0297751,17688.5,11792.3,26532.7,0.0250634,0.0167089,0.0375951
2020-04-03,11001,District of Columbia,DC,757,15,69.4286,1.71429,0.143275,8.20519,5.47013,12.3078,1.02598,1088.58,725.72,1632.87,14544.5,9696.36,21816.8,0.0206087,0.0137391,0.030913,18777,12518,28165.6,0.0266058,0.0177372,0.0399087
2020-04-04,11001,District of Columbia,DC,902,21,85.4286,2.42857,0.152434,8.29723,5.53149,12.4458,1.04569,1121,747.335,1681.5,15046.3,10030.9,22569.5,0.0213196,0.0142131,0.0319794,19898,13265.4,29847.1,0.0281942,0.0187961,0.0422913
2020-04-05,11001,District of Columbia,DC,1002,22,94.2857,2.42857,0.163062,8.40968,5.60645,12.6145,1.06885,1158.67,772.45,1738.01,15524.5,10349.7,23286.7,0.0219972,0.0146648,0.0329958,21056.7,14037.8,31585.1,0.029836,0.0198906,0.044754
2020-04-06,11001,District of Columbia,DC,1097,24,99.4286,2.14286,0.159268,8.23568,5.49045,12.3535,1.08896,1185.86,790.576,1778.79,15953.9,10635.9,23930.9,0.0226056,0.0150704,0.0339085,22242.6,14828.4,33363.9,0.0315163,0.0210108,0.0472744
2020-04-07,11001,District of Columbia,DC,1211,22,102.286,1.85714,0.176094,8.45594,5.63729,12.6839,1.09499,1221.04,814.025,1831.56,16322.9,10882,24484.4,0.0231285,0.015419,0.0346928,23463.6,15642.4,35195.4,0.0332464,0.0221643,0.0498696
2020-04-08,11001,District of Columbia,DC,1440,27,122,2.57143,0.192559,8.64872,5.76581,12.9731,1.0851,1230.44,820.293,1845.66,16613.3,11075.5,24919.9,0.0235399,0.0156933,0.0353099,24694,16462.7,37041.1,0.0349898,0.0233266,0.0524848
2020-04-09,11001,District of Columbia,DC,1523,32,124.286,2.85714,0.238095,9.28284,6.18856,13.9243,1.05898,1227.16,818.108,1840.74,16838,11225.4,25257.1,0.0238584,0.0159056,0.0357876,25921.2,17280.8,38881.8,0.0367287,0.0244858,0.055093
2020-04-10,11001,District of Columbia,DC,1660,38,129,3.28571,0.239459,9.19626,6.13084,13.7944,1.02479,1195.97,797.314,1793.95,16987.1,11324.7,25480.6,0.0240696,0.0160464,0.0361044,27117.2,18078.1,40675.8,0.0384233,0.0256155,0.0576349
2020-04-11,11001,District of Columbia,DC,1778,47,125.143,3.71429,0.243266,9.14811,6.09874,13.7222,0.987639,1148.1,765.4,1722.15,17047.8,11365.2,25571.7,0.0241556,0.0161037,0.0362334,28265.3,18843.5,42397.9,0.04005,0.0267,0.0600751
2020-04-12,11001,District of Columbia,DC,1875,50,124.714,4,0.230426,8.85752,5.90502,13.2863,0.955325,1117.75,745.164,1676.62,17048.4,11365.6,25572.5,0.0241564,0.0161043,0.0362346,29383,19588.7,44074.5,0.0416338,0.0277559,0.0624507
2020-04-13,11001,District of Columbia,DC,1955,52,122.571,4,0.246481,8.99251,5.99501,13.4888,0.934454,1091.44,727.626,1637.16,17040.2,11360.1,25560.3,0.0241448,0.0160966,0.0362172,30474.5,20316.3,45711.7,0.0431803,0.0287869,0.0647705
2020-04-14,11001,District of Columbia,DC,2058,67,121,6.42857,0.244727,8.87082,5.91388,13.3062,0.931465,1086.86,724.576,1630.3,17046.5,11364.3,25569.7,0.0241537,0.0161025,0.0362305,31561.3,21040.9,47342,0.0447203,0.0298136,0.0670805
2020-04-15,11001,District of Columbia,DC,2197,72,108.143,6.42857,0.233498,8.6194,5.74627,12.9291,0.94899,1081.3,720.868,1621.95,17072.7,11381.8,25609.1,0.0241909,0.0161273,0.0362863,32642.6,21761.8,48963.9,0.0462525,0.030835,0.0693787
2020-04-16,11001,District of Columbia,DC,2350,81,118.143,7,0.241389,8.63938,5.75958,12.9591,0.982274,1089.09,726.062,1633.64,17109,11406,25663.5,0.0242424,0.0161616,0.0363635,33731.7,22487.8,50597.6,0.0477956,0.0318638,0.0716934
2020-04-17,11001,District of Columbia,DC,2476,86,116.571,6.85714,0.248175,8.64229,5.76153,12.9634,1.02639,1130.33,753.555,1695.5,17173.6,11449.1,25760.4,0.0243339,0.0162226,0.0365008,34862.1,23241.4,52293.1,0.0493972,0.0329315,0.0740959
2020-04-18,11001,District of Columbia,DC,2666,91,126.857,6.28571,0.275008,8.90016,5.93344,13.3502,1.06898,1190.58,793.719,1785.87,17275.6,11517.1,25913.4,0.0244784,0.0163189,0.0367176,36052.6,24035.1,54078.9,0.0510842,0.0340561,0.0766263
2020-04-19,11001,District of Columbia,DC,2793,96,131.143,6.57143,0.300098,9.11444,6.0763,13.6717,1.10459,1248.15,832.1,1872.23,17402.8,11601.8,26104.1,0.0246586,0.016439,0.0369878,37300.8,24867.2,55951.2,0.0528528,0.0352352,0.0792791
2020-04-20,11001,District of Columbia,DC,2927,105,138.857,7.57143,0.305757,9.08914,6.05942,13.6337,1.12445,1293.03,862.02,1939.55,17537.1,11691.4,26305.7,0.0248489,0.016566,0.0372734,38593.8,25729.2,57890.7,0.0546849,0.0364566,0.0820274
2020-04-21,11001,District of Columbia,DC,3098,112,148.571,6.42857,0.284542,8.75221,5.83481,13.1283,1.12459,1289.34,859.563,1934.02,17640.6,11760.4,26460.9,0.0249956,0.0166637,0.0374933,39883.2,26588.8,59824.7,0.0565118,0.0376745,0.0847677
2020-04-22,11001,District of Columbia,DC,3206,127,144.143,7.85714,0.253709,8.29619,5.53079,12.4443,1.1026,1303.66,869.105,1955.49,17723.2,11815.5,26584.8,0.0251126,0.0167417,0.0376689,41186.8,27457.9,61780.2,0.058359,0.038906,0.0875385
2020-04-23,11001,District of Columbia,DC,3361,139,144.429,8.28571,0.26746,8.38476,5.58984,12.5771,1.06673,1294.91,863.275,1942.37,17787.7,11858.5,26681.5,0.025204,0.0168027,0.037806,42481.7,28321.2,63722.6,0.0601938,0.0401292,0.0902907
2020-04-24,11001,District of Columbia,DC,3528,153,150.286,9.57143,0.270437,8.3419,5.56126,12.5128,1.01677,1263.43,842.285,1895.14,17824,11882.6,26735.9,0.0252554,0.0168369,0.0378831,43745.2,29163.4,65617.7,0.061984,0.0413227,0.092976
2020-04-25,11001,District of Columbia,DC,3699,165,147.571,10.5714,0.256073,8.09683,5.39789,12.1452,0.962652,1211.49,807.662,1817.24,17839.5,11893,26759.2,0.0252774,0.0168516,0.037916,44956.7,29971.1,67435,0.0637006,0.0424671,0.0955509
2020-04-26,11001,District of Columbia,DC,3841,178,149.714,11.7143,0.239872,7.83056,5.22037,11.7458,0.907271,1156.91,771.274,1735.37,17848.3,11898.9,26772.4,0.0252898,0.0168599,0.0379348,46113.6,30742.4,69170.3,0.0653399,0.0435599,0.0980098
2020-04-27,11001,District of Columbia,DC,3892,185,137.857,11.4286,0.224262,7.57133,5.04755,11.357,0.857246,1102.99,735.327,1654.49,17833.5,11889,26750.3,0.0252689,0.016846,0.0379034,47216.6,31477.7,70824.8,0.0669028,0.0446018,0.100354
2020-04-28,11001,District of Columbia,DC,3994,190,128,11.1429,0.227065,7.54086,5.02724,11.3113,0.814934,1042.47,694.982,1563.71,17784.6,11856.4,26676.9,0.0251996,0.0167997,0.0377994,48259,32172.7,72388.5,0.0683799,0.0455866,0.10257
2020-04-29,11001,District of Columbia,DC,4106,205,128.571,11.1429,0.241481,7.64836,5.09891,11.4725,0.782377,967.366,644.911,1451.05,17665.1,11776.7,26497.6,0.0250302,0.0166868,0.0375454,49226.4,32817.6,73839.6,0.0697506,0.0465004,0.104626
2020-04-30,11001,District of Columbia,DC,4323,224,137.429,12.1429,0.231863,7.47184,4.98122,11.2078,0.755157,893.43,595.62,1340.14,17477.2,11651.5,26215.8,0.024764,0.0165094,0.0371461,50119.8,33413.2,75179.7,0.0710165,0.0473443,0.106525
2020-05-01,11001,District of Columbia,DC,4658,231,161.429,11.1429,0.245545,7.5677,5.04513,11.3516,0.738494,828.413,552.276,1242.62,17216.5,11477.7,25824.8,0.0243947,0.0162631,0.036592,50948.2,33965.5,76422.4,0.0721903,0.0481269,0.108285
2020-05-02,11001,District of Columbia,DC,4797,240,156.857,10.7143,0.233518,7.3693,4.91286,11.0539,0.735764,782.063,521.375,1173.09,16868.2,11245.5,25302.4,0.0239012,0.0159341,0.0358518,51730.3,34486.9,77595.5,0.0732984,0.0488656,0.109948
2020-05-03,11001,District of Columbia,DC,5016,251,167.857,10.4286,0.233413,7.3091,4.87273,10.9637,0.751265,736.766,491.178,1105.15,16414.4,10943,24621.7,0.0232582,0.0155054,0.0348873,52467.1,34978,78700.6,0.0743424,0.0495616,0.111514
2020-05-04,11001,District of Columbia,DC,5170,258,182.571,10.4286,0.237591,7.29818,4.86545,10.9473,0.783227,705.628,470.419,1058.44,15871.9,10581.3,23807.9,0.0224894,0.014993,0.0337342,53172.7,35448.5,79759,0.0753422,0.0502281,0.113013
2020-05-05,11001,District of Columbia,DC,5322,264,189.714,10.5714,0.243938,7.31076,4.87384,10.9661,0.834989,702.185,468.123,1053.28,15281.1,10187.4,22921.6,0.0216523,0.0144348,0.0324784,53874.9,35916.6,80812.3,0.0763372,0.0508914,0.114506
2020-05-06,11001,District of Columbia,DC,5461,277,193.571,10.2857,0.235447,7.16201,4.77468,10.743,0.900673,724.176,482.784,1086.26,14715.9,9810.6,22073.9,0.0208515,0.013901,0.0312772,54599.1,36399.4,81898.6,0.0773633,0.0515755,0.116045
2020-05-07,11001,District of Columbia,DC,5654,285,190.143,8.71429,0.230396,7.05259,4.70173,10.5789,0.973542,751.718,501.145,1127.58,14164,9442.64,21245.9,0.0200694,0.0133796,0.0301041,55350.8,36900.5,83026.2,0.0784284,0.0522856,0.117643
2020-05-08,11001,District of Columbia,DC,5899,304,177.286,10.4286,0.207525,6.7453,4.49687,10.118,1.03801,794.523,529.682,1191.78,13663.6,9109.04,20495.4,0.0193604,0.0129069,0.0290406,56145.3,37430.2,84218,0.0795542,0.0530361,0.119331
2020-05-09,11001,District of Columbia,DC,6102,311,186.429,10.1429,0.211199,6.73777,4.49185,10.1067,1.09138,824.757,549.838,1237.14,13224.9,8816.6,19837.3,0.0187388,0.0124925,0.0281082,56970.1,37980,85455.1,0.0807228,0.0538152,0.121084
2020-05-10,11001,District of Columbia,DC,6272,323,179.429,10.2857,0.194187,6.49659,4.33106,9.74489,1.11384,854.437,569.624,1281.66,12867.8,8578.56,19301.8,0.0182329,0.0121553,0.0273493,57824.5,38549.7,86736.7,0.0819335,0.0546223,0.1229
2020-05-11,11001,District of Columbia,DC,6389,328,174.143,10,0.188525,6.3858,4.2572,9.5787,1.11041,855.036,570.024,1282.56,12566,8377.31,18848.9,0.0178051,0.0118701,0.0267077,58679.5,39119.7,88019.3,0.083145,0.05543,0.124718
2020-05-12,11001,District of Columbia,DC,6485,336,166.143,10.2857,0.17304,6.1598,4.10654,9.23971,1.07267,871.64,581.094,1307.46,12334.6,8223.08,18501.9,0.0174773,0.0116516,0.026216,59551.2,39700.8,89326.8,0.0843801,0.0562534,0.12657
2020-05-13,11001,District of Columbia,DC,6584,350,160.429,10.4286,0.18513,6.26008,4.17338,9.39011,1.00883,819.447,546.298,1229.17,12111.6,8074.39,18167.4,0.0171613,0.0114409,0.025742,60370.6,40247.1,90555.9,0.0855412,0.0570275,0.128312
2020-05-14,11001,District of Columbia,DC,6736,358,154.571,10.4286,0.186487,6.23374,4.15583,9.35062,0.924276,772.957,515.305,1159.44,11917.2,7944.78,17875.8,0.0168859,0.0112572,0.0253288,61143.6,40762.4,91715.4,0.0866364,0.0577576,0.129955
2020-05-15,11001,District of Columbia,DC,6871,368,138.857,9.14286,0.134551,5.56129,3.70753,8.34193,0.841593,695.72,463.814,1043.58,11719.5,7812.98,17579.2,0.0166057,0.0110705,0.0249086,61839.3,41226.2,92759,0.0876222,0.0584148,0.131433
2020-05-16,11001,District of Columbia,DC,7042,375,134.286,9.14286,0.127909,5.43888,3.62592,8.15831,0.755051,617.277,411.518,925.918,11508.3,7672.22,17262.5,0.0163065,0.010871,0.0244598,62456.6,41637.7,93684.9,0.0884969,0.0589979,0.132745
2020-05-17,11001,District of Columbia,DC,7123,383,121.571,8.57143,0.12234,5.33116,3.55411,7.99674,0.689849,544.738,363.159,817.109,11271,7514,16906.5,0.0159703,0.0106469,0.0239554,63001.3,42000.9,94502,0.0892687,0.0595125,0.133903
2020-05-18,11001,District of Columbia,DC,7270,392,125.857,9.14286,0.116473,5.21963,3.47976,7.82945,0.641619,493.246,328.831,739.869,11027.5,7351.66,16541.2,0.0156252,0.0104168,0.0234379,63494.6,42329.7,95241.8,0.0899676,0.0599784,0.134951
2020-05-19,11001,District of Columbia,DC,7434,400,135.571,9.14286,0.114008,5.15561,3.43707,7.73341,0.618081,428.012,285.342,642.019,10749.9,7166.58,16124.8,0.0152319,0.0101546,0.0228478,63922.6,42615,95883.9,0.0905741,0.0603827,0.135861
2020-05-20,11001,District of Columbia,DC,7551,407,138.143,8.14286,0.103213,4.9747,3.31647,7.46205,0.616184,400.009,266.672,600.013,10447.7,6965.13,15671.6,0.0148037,0.00986913,0.0222056,64322.6,42881.7,96483.9,0.0911409,0.0607606,0.136711
2020-05-21,11001,District of Columbia,DC,7788,412,150.286,7.71429,0.104179,4.96117,3.30745,7.44176,0.638963,370.112,246.741,555.167,10093.6,6729.09,15140.5,0.014302,0.00953467,0.021453,64692.7,43128.5,97039,0.0916653,0.0611102,0.137498
2020-05-22,11001,District of Columbia,DC,7893,418,146,7.14286,0.118096,5.1241,3.41606,7.68614,0.666142,353.795,235.863,530.692,9695.71,6463.8,14543.6,0.0137382,0.00915878,0.0206073,65046.5,43364.3,97569.7,0.0921666,0.0614444,0.13825
2020-05-23,11001,District of Columbia,DC,7966,427,132,7.42857,0.272085,6.69926,4.46617,10.0489,0.699844,349.537,233.025,524.306,9250.72,6167.15,13876.1,0.0131077,0.00873844,0.0196615,65396,43597.3,98094,0.0926619,0.0617746,0.138993
2020-05-24,11001,District of Columbia,DC,8110,432,141,7,0.197101,5.96393,3.97595,8.9459,0.730296,335.74,223.826,503.609,8761.7,5841.13,13142.6,0.0124148,0.0082765,0.0186222,65731.8,43821.2,98597.7,0.0931376,0.0620917,0.139706
2020-05-25,11001,District of Columbia,DC,8225,440,136.429,6.85714,0.320685,7.01142,4.67428,10.5171,0.753675,316.879,211.252,475.318,8224.14,5482.76,12336.2,0.0116531,0.00776871,0.0174796,66048.6,44032.4,99073,0.0935866,0.062391,0.14038
2020-05-26,11001,District of Columbia,DC,8334,440,128.571,5.71429,0.335696,7.08239,4.72159,10.6236,0.768548,292.256,194.837,438.384,7661.36,5107.58,11492.1,0.0108557,0.0072371,0.0162835,66340.9,44227.3,99511.4,0.0940007,0.0626671,0.141001
2020-05-27,11001,District of Columbia,DC,8406,445,122.143,5.42857,0.375329,7.32731,4.88488,10.991,0.770698,278.835,185.89,418.252,7068.56,4712.37,10602.8,0.0100157,0.00667712,0.0150235,66619.7,44413.1,99929.6,0.0943958,0.0629305,0.141594
2020-05-28,11001,District of Columbia,DC,8492,453,100.571,5.85714,0.400455,7.4553,4.9702,11.183,0.760296,266.78,177.853,400.169,6515.89,4343.93,9773.84,0.00923259,0.00615506,0.0138489,66886.5,44591,100330,0.0947738,0.0631825,0.142161
2020-05-29,11001,District of Columbia,DC,8538,460,92.1429,6,0.745665,9.3805,6.25367,14.0708,0.745148,253.01,168.673,379.515,5995.94,3997.3,8993.92,0.00849586,0.0056639,0.0127438,67139.5,44759.7,100709,0.0951323,0.0634215,0.142698
2020-05-30,11001,District of Columbia,DC,8717,462,107.286,5,0.112073,4.83706,3.22471,7.25559,0.727046,229.324,152.883,343.986,5529.55,3686.36,8294.33,0.00783501,0.00522334,0.0117525,67368.8,44912.6,101053,0.0954572,0.0636381,0.143186
2020-05-31,11001,District of Columbia,DC,8801,466,98.7143,4.85714,0.147007,5.22197,3.48132,7.83296,0.705278,207.97,138.647,311.955,5120.24,3413.49,7680.36,0.00725505,0.0048367,0.0108826,67576.8,45051.2,101365,0.0957519,0.0638346,0.143628
2020-06-01,11001,District of Columbia,DC,8857,468,90.2857,4,0.0978328,4.60652,3.07101,6.90978,0.686123,191.321,127.548,286.982,4766.82,3177.88,7150.24,0.00675428,0.00450285,0.0101314,67768.1,45178.8,101652,0.096023,0.0640153,0.144035
2020-06-02,11001,District of Columbia,DC,8886,470,78.8571,4.28571,0.0977683,4.58413,3.05608,6.87619,0.667951,176.854,117.903,265.282,4450.43,2966.95,6675.65,0.00630597,0.00420398,0.00945896,67945,45296.7,101917,0.0962736,0.0641824,0.14441
2020-06-03,11001,District of Columbia,DC,9016,473,87.1429,4,0.0888565,4.44335,2.96223,6.66502,0.656422,160.851,107.234,241.277,4183.27,2788.85,6274.91,0.00592742,0.00395161,0.00889113,68105.8,45403.9,102159,0.0965015,0.0643343,0.144752
2020-06-04,11001,District of Columbia,DC,9120,475,89.7143,3.14286,0.0828277,4.33982,2.89321,6.50973,0.651686,144.28,96.1868,216.42,3927.54,2618.36,5891.31,0.00556507,0.00371005,0.00834761,68250.1,45500.1,102375,0.0967059,0.0644706,0.145059
2020-06-05,11001,District of Columbia,DC,9199,479,94.4286,2.71429,0.082594,4.31768,2.87845,6.47651,0.655927,130.27,86.8465,195.404,3687.7,2458.47,5531.55,0.00522523,0.00348349,0.00783785,68380.4,45586.9,102571,0.0968905,0.0645937,0.145336
2020-06-06,11001,District of Columbia,DC,9269,483,78.8571,3,0.0685799,4.09502,2.73001,6.14253,0.669819,123.018,82.0119,184.527,3456.92,2304.62,5185.39,0.00489823,0.00326549,0.00734735,68503.4,45668.9,102755,0.0970648,0.0647099,0.145597
2020-06-07,11001,District of Columbia,DC,9332,489,75.8571,3.28571,0.0658482,4.03658,2.69105,6.05487,0.696428,119.988,79.992,179.982,3227.37,2151.58,4841.06,0.00457298,0.00304865,0.00685947,68623.4,45748.9,102935,0.0972348,0.0648232,0.145852
2020-06-08,11001,District of Columbia,DC,9389,491,76,3.28571,0.0625662,3.96955,2.64636,5.95432,0.728911,115.141,76.7611,172.712,3006.78,2004.52,4510.17,0.0042604,0.00284027,0.00639061,68738.5,45825.7,103108,0.097398,0.064932,0.146097
2020-06-09,11001,District of Columbia,DC,9474,495,84,3.57143,0.0622156,3.94868,2.63245,5.92302,0.763099,109.678,73.1185,164.517,2799.58,1866.38,4199.36,0.00396681,0.00264454,0.00595022,68848.2,45898.8,103272,0.0975534,0.0650356,0.14633
2020-06-10,11001,District of Columbia,DC,9537,499,74.4286,3.71429,0.0603708,3.90469,2.60313,5.85703,0.796623,107.083,71.3891,160.625,2614.4,1742.94,3921.61,0.00370444,0.00246963,0.00555666,68955.3,45970.2,103433,0.0977051,0.0651367,0.146558
2020-06-11,11001,District of Columbia,DC,9589,502,67,3.85714,0.057251,3.84055,2.56037,5.76083,0.826744,105.369,70.246,158.054,2440.94,1627.29,3661.41,0.00345865,0.00230577,0.00518797,69060.7,46040.4,103591,0.0978544,0.0652363,0.146782
2020-06-12,11001,District of Columbia,DC,9654,506,65,3.85714,0.0450852,3.62086,2.41391,5.43129,0.852107,103.873,69.249,155.81,2278.03,1518.69,3417.05,0.00322782,0.00215188,0.00484173,69164.5,46109.7,103747,0.0980016,0.0653344,0.147002
2020-06-13,11001,District of Columbia,DC,9709,511,62.8571,4,0.0470186,3.64271,2.42847,5.46406,0.87442,101.055,67.37,151.583,2126.08,1417.39,3189.12,0.00301251,0.00200834,0.00451877,69265.6,46177.1,103898,0.0981448,0.0654299,0.147217
2020-06-14,11001,District of Columbia,DC,9767,515,62.1429,3.71429,0.0435741,3.5695,2.37967,5.35426,0.888551,97.5367,65.0245,146.305,1994.29,1329.53,2991.43,0.00282578,0.00188385,0.00423867,69363.1,46242.1,104045,0.098283,0.065522,0.147425
2020-06-15,11001,District of Columbia,DC,9799,515,58.5714,3.42857,0.0406746,3.50507,2.33671,5.25761,0.901888,95.6644,63.7763,143.497,1881.98,1254.66,2822.98,0.00266665,0.00177777,0.00399997,69458.8,46305.9,104188,0.0984185,0.0656124,0.147628
2020-06-16,11001,District of Columbia,DC,9818,520,49.1429,3.57143,0.0344897,3.37566,2.25044,5.06349,0.917691,96.5564,64.3709,144.835,1787.22,1191.48,2680.83,0.00253237,0.00168825,0.00379856,69555.3,46370.2,104333,0.0985554,0.0657036,0.147833
2020-06-17,11001,District of Columbia,DC,9847,523,44.2857,3.42857,0.0260636,3.18707,2.12472,4.78061,0.935343,95.6607,63.7738,143.491,1706.02,1137.35,2559.04,0.00241732,0.00161155,0.00362599,69651,46434,104477,0.0986909,0.0657939,0.148036
2020-06-18,11001,District of Columbia,DC,9903,527,44.8571,3.57143,0.0243203,3.13832,2.09221,4.70748,0.954022,95.9915,63.9943,143.987,1641.17,1094.11,2461.75,0.00232542,0.00155028,0.00348814,69747,46498,104621,0.0988269,0.0658846,0.14824
2020-06-19,11001,District of Columbia,DC,9952,530,42.5714,3.42857,0.0251732,3.14971,2.09981,4.72457,0.978875,95.2266,63.4844,142.84,1592.11,1061.41,2388.17,0.00225592,0.00150395,0.00338388,69842.2,46561.5,104763,0.0989618,0.0659746,0.148443
2020-06-20,11001,District of Columbia,DC,9984,531,39.2857,2.85714,0.0184353,2.97681,1.98454,4.46522,1.0046,95.7818,63.8545,143.673,1557.62,1038.42,2336.44,0.00220705,0.00147137,0.00331058,69938,46625.3,104907,0.0990976,0.066065,0.148646
2020-06-21,11001,District of Columbia,DC,10020,533,36.1429,2.57143,0.0168757,2.9279,1.95194,4.39185,1.04191,98.4925,65.6616,147.739,1533.1,1022.07,2299.65,0.0021723,0.0014482,0.00325845,70036.5,46691,105055,0.0992371,0.0661581,0.148856
2020-06-22,11001,District of Columbia,DC,10058,535,37,2.85714,0.0160292,2.89792,1.93195,4.34688,1.08496,102.102,68.0679,153.153,1515.21,1010.14,2272.82,0.00214696,0.0014313,0.00322044,70138.6,46759.1,105208,0.0993818,0.0662545,0.149073
2020-06-23,11001,District of Columbia,DC,10094,537,39.4286,2.42857,0.0170623,2.91988,1.94659,4.37982,1.13293,105.25,70.1669,157.876,1505.32,1003.55,2257.98,0.00213294,0.00142196,0.00319941,70243.9,46829.2,105366,0.0995309,0.066354,0.149296
2020-06-24,11001,District of Columbia,DC,10128,541,40.1429,2.57143,0.0199475,2.98766,1.99177,4.48149,1.18076,112.567,75.0446,168.851,1508.21,1005.47,2262.32,0.00213704,0.00142469,0.00320555,70356.4,46904.3,105535,0.0996904,0.0664603,0.149536
2020-06-25,11001,District of Columbia,DC,10159,543,36.5714,2.28571,0.0176163,2.92171,1.94781,4.38257,1.22757,119.847,79.8979,179.77,1520.97,1013.98,2281.46,0.00215512,0.00143675,0.00323268,70476.3,46984.2,105714,0.0998602,0.0665735,0.14979
2020-06-26,11001,District of Columbia,DC,10185,546,33.2857,2.28571,0.0162573,2.87934,1.91956,4.31901,1.26205,129.232,86.1547,193.848,1544.84,1029.89,2317.26,0.00218893,0.00145929,0.0032834,70605.5,47070.3,105908,0.100043,0.0666956,0.150065
2020-06-27,11001,District of Columbia,DC,10216,548,33.1429,2.42857,0.0204983,2.98063,1.98709,4.47095,1.28529,136.41,90.94,204.615,1577.37,1051.58,2366.06,0.00223504,0.00149002,0.00335255,70741.9,47161.3,106113,0.100237,0.0668244,0.150355
2020-06-28,11001,District of Columbia,DC,10248,550,32.5714,2.42857,0.0167524,2.88048,1.92032,4.32072,1.28554,141.846,94.5641,212.769,1618.17,1078.78,2427.25,0.00229283,0.00152856,0.00343925,70883.8,47255.8,106326,0.100438,0.0669584,0.150656
2020-06-29,11001,District of Columbia,DC,10292,551,33.4286,2.28571,0.0175202,2.89435,1.92957,4.34153,1.27013,147.322,98.2149,220.984,1667.95,1111.97,2501.93,0.00236338,0.00157558,0.00354506,71031.1,47354.1,106547,0.100646,0.0670976,0.15097
2020-06-30,11001,District of Columbia,DC,10327,551,33.2857,2,0.0166512,2.86604,1.91069,4.29905,1.24242,150.902,100.601,226.352,1723.19,1148.79,2584.78,0.00244164,0.00162776,0.00366247,71182,47454.7,106773,0.10086,0.0672401,0.15129
2020-07-01,11001,District of Columbia,DC,10365,553,33.8571,1.71429,0.0149414,2.8149,1.8766,4.22235,1.212,152.994,101.996,229.491,1779.63,1186.42,2669.44,0.00252161,0.00168107,0.00378242,71335,47556.6,107002,0.101077,0.0673846,0.151615
2020-07-02,11001,District of Columbia,DC,10390,554,33,1.57143,0.0161178,2.84077,1.89384,4.26115,1.18361,155.96,103.973,233.939,1839.92,1226.62,2759.89,0.00260705,0.00173803,0.00391058,71490.9,47660.6,107236,0.101298,0.067532,0.151947
2020-07-03,11001,District of Columbia,DC,10435,555,35.7143,1.28571,0.017023,2.85837,1.90558,4.28756,1.16469,158.608,105.738,237.911,1902.54,1268.36,2853.81,0.00269578,0.00179718,0.00404366,71649.5,47766.4,107474,0.101523,0.0676818,0.152284
2020-07-04,11001,District of Columbia,DC,10447,557,33,1.28571,0.0151148,2.80355,1.86903,4.20532,1.15877,165.457,110.305,248.186,1972.77,1315.18,2959.16,0.00279529,0.00186352,0.00419293,71815,47876.7,107723,0.101757,0.0678381,0.152636
2020-07-05,11001,District of Columbia,DC,10482,559,33.4286,1.28571,0.0181945,2.87589,1.91726,4.31384,1.16769,173.381,115.587,260.071,2050.37,1366.91,3075.55,0.00290524,0.00193683,0.00435786,71988.4,47992.3,107983,0.102003,0.0680019,0.153004
2020-07-06,11001,District of Columbia,DC,10515,561,31.8571,1.42857,0.0181448,2.86905,1.9127,4.30358,1.18034,179.962,119.974,269.942,2131.84,1421.23,3197.76,0.00302068,0.00201378,0.00453101,72168.3,48112.2,108253,0.102258,0.0681719,0.153387
2020-07-07,11001,District of Columbia,DC,10569,561,34.5714,1.42857,0.0184987,2.87186,1.91457,4.30779,1.19286,189.911,126.608,284.867,2219.65,1479.77,3329.47,0.0031451,0.00209673,0.00471764,72358.3,48238.8,108537,0.102527,0.0683513,0.15379
2020-07-08,11001,District of Columbia,DC,10642,564,39.5714,1.57143,0.0194331,2.88792,1.92528,4.33187,1.19999,197.678,131.785,296.516,2312.08,1541.38,3468.11,0.00327606,0.00218404,0.00491409,72555.9,48370.6,108834,0.102807,0.068538,0.154211
2020-07-09,11001,District of Columbia,DC,10679,568,41.2857,2,0.0194482,2.88264,1.92176,4.32396,1.19289,203.814,135.876,305.72,2403.32,1602.21,3604.98,0.00340535,0.00227023,0.00510802,72759.7,48506.5,109140,0.103096,0.0687305,0.154644
2020-07-10,11001,District of Columbia,DC,10743,568,44,1.85714,0.0170401,2.82099,1.88066,4.23149,1.17515,209.066,139.377,313.599,2492.54,1661.69,3738.81,0.00353177,0.00235451,0.00529765,72968.8,48645.9,109453,0.103392,0.068928,0.155088
2020-07-11,11001,District of Columbia,DC,10801,568,50.5714,1.57143,0.0181576,2.84219,1.89479,4.26328,1.1441,211.098,140.732,316.647,2574.41,1716.27,3861.61,0.00364777,0.00243184,0.00547165,73179.9,48786.6,109770,0.103691,0.0691274,0.155537
2020-07-12,11001,District of Columbia,DC,10847,568,52.1429,1.28571,0.0174725,2.82102,1.88068,4.23152,1.10349,208.76,139.174,313.14,2646.76,1764.5,3970.14,0.00375028,0.00250019,0.00562542,73388.7,48925.8,110083,0.103987,0.0693246,0.15598
2020-07-13,11001,District of Columbia,DC,10906,568,55.8571,1,0.0173239,2.81247,1.87498,4.21871,1.06199,207.974,138.649,311.961,2712.89,1808.59,4069.33,0.00384398,0.00256265,0.00576597,73596.6,49064.4,110395,0.104282,0.0695211,0.156422
2020-07-14,11001,District of Columbia,DC,10946,568,53.8571,1,0.016016,2.77641,1.85094,4.16461,1.02237,203.891,135.927,305.836,2769.45,1846.3,4154.18,0.00392414,0.00261609,0.0058862,73800.5,49200.4,110701,0.104571,0.0697137,0.156856
2020-07-15,11001,District of Columbia,DC,11026,571,54.8571,1,0.0162334,2.77689,1.85126,4.16534,0.984805,201.127,134.085,301.691,2819.68,1879.79,4229.52,0.0039953,0.00266353,0.00599295,74001.7,49334.4,111003,0.104855,0.0699037,0.157283
2020-07-16,11001,District of Columbia,DC,11076,574,56.7143,0.857143,0.0163247,2.77435,1.84957,4.16153,0.958712,198.713,132.475,298.069,2865.4,1910.27,4298.1,0.00406008,0.00270672,0.00609012,74200.4,49466.9,111301,0.105137,0.0700914,0.157706
2020-07-17,11001,District of Columbia,DC,11115,577,53.1429,1.28571,0.0179511,2.80712,1.87141,4.21068,0.939526,193.833,129.222,290.75,2903.27,1935.51,4354.91,0.00411375,0.0027425,0.00617062,74394.2,49596.1,111591,0.105412,0.0702745,0.158118
2020-07-18,11001,District of Columbia,DC,11194,578,56.1429,1.42857,0.0187993,2.82102,1.88068,4.23153,0.928898,189.272,126.181,283.908,2933.94,1955.96,4400.9,0.0041572,0.00277146,0.00623579,74583.5,49722.3,111875,0.10568,0.0704533,0.15852
2020-07-19,11001,District of Columbia,DC,11261,578,59.1429,1.42857,0.0198257,2.83812,1.89208,4.25718,0.925617,186.885,124.59,280.328,2955.36,1970.24,4433.05,0.00418756,0.00279171,0.00628134,74770.4,49846.9,112156,0.105945,0.0706298,0.158917
2020-07-20,11001,District of Columbia,DC,11339,579,61.8571,1.57143,0.0201208,2.83934,1.89289,4.259,0.928307,184.592,123.061,276.888,2966.58,1977.72,4449.86,0.00420344,0.0028023,0.00630516,74955,49970,112432,0.106206,0.0708042,0.159309
2020-07-21,11001,District of Columbia,DC,11427,580,68.7143,1.71429,0.0220693,2.87387,1.91591,4.3108,0.936668,184.003,122.669,276.005,2970.62,1980.41,4455.93,0.00420917,0.00280611,0.00631375,75139,50092.6,112708,0.106467,0.070978,0.1597
2020-07-22,11001,District of Columbia,DC,11529,580,71.8571,1.28571,0.0232569,2.89183,1.92788,4.33774,0.951124,182.022,121.348,273.033,2962.73,1975.15,4444.09,0.00419799,0.00279866,0.00629699,75321,50214,112981,0.106725,0.0711499,0.160087
2020-07-23,11001,District of Columbia,DC,11571,581,70.7143,1,0.0227283,2.87651,1.91767,4.31476,0.968337,181.731,121.154,272.596,2946.78,1964.52,4420.17,0.00417539,0.0027836,0.00626309,75502.7,50335.1,113254,0.106982,0.0713216,0.160474
2020-07-24,11001,District of Columbia,DC,11649,581,76.2857,0.571429,0.0225764,2.86852,1.91235,4.30278,0.988954,184.46,122.973,276.69,2927.43,1951.62,4391.14,0.00414797,0.00276532,0.00622196,75687.2,50458.1,113531,0.107244,0.0714958,0.160866
2020-07-25,11001,District of Columbia,DC,11717,581,74.7143,0.428571,0.0217427,2.84744,1.89829,4.27116,1.01037,186.671,124.448,280.007,2905.03,1936.69,4357.55,0.00411624,0.00274416,0.00617436,75873.8,50582.6,113811,0.107508,0.0716722,0.161262
2020-07-26,11001,District of Columbia,DC,11780,581,74.1429,0.428571,0.0217765,2.84325,1.8955,4.26487,1.02935,190.828,127.219,286.242,2884.76,1923.18,4327.14,0.00408752,0.00272501,0.00613128,76064.7,50709.8,114097,0.107779,0.0718524,0.161668
2020-07-27,11001,District of Columbia,DC,11858,582,74.1429,0.428571,0.0231614,2.86471,1.90981,4.29706,1.04218,193.326,128.884,289.989,2869.33,1912.89,4303.99,0.00406565,0.00271043,0.00609847,76258,50838.7,114387,0.108053,0.072035,0.162079
2020-07-28,11001,District of Columbia,DC,11945,583,74,0.428571,0.0232172,2.86086,1.90724,4.29129,1.04588,195.525,130.35,293.288,2856.88,1904.59,4285.32,0.00404801,0.00269867,0.00607202,76453.5,50969,114680,0.10833,0.0722197,0.162494
2020-07-29,11001,District of Columbia,DC,11999,584,67.1429,0.571429,0.0229526,2.85113,1.90075,4.27669,1.04088,197.726,131.818,296.59,2850.71,1900.48,4276.07,0.00403927,0.00269285,0.00605891,76651.2,51100.8,114977,0.10861,0.0724065,0.162915
2020-07-30,11001,District of Columbia,DC,12057,584,69.4286,0.428571,0.0231771,2.8505,1.90034,4.27576,1.02482,196.001,130.667,294.002,2845.59,1897.06,4268.38,0.00403201,0.00268801,0.00604802,76847.2,51231.5,115271,0.108888,0.0725917,0.163331
2020-07-31,11001,District of Columbia,DC,12126,585,68.1429,0.571429,0.0203143,2.79182,1.86122,4.18774,0.998076,193.293,128.862,289.94,2840.17,1893.45,4260.26,0.00402433,0.00268289,0.0060365,77040.5,51360.4,115561,0.109161,0.0727743,0.163742
2020-08-01,11001,District of Columbia,DC,12205,585,69.7143,0.571429,0.0196997,2.77417,1.84944,4.16125,0.963141,188.729,125.82,283.094,2835.07,1890.04,4252.6,0.0040171,0.00267807,0.00602565,77229.3,51486.2,115844,0.109429,0.0729525,0.164143
2020-08-02,11001,District of Columbia,DC,12274,586,70.5714,0.714286,0.0193014,2.74765,1.83177,4.12148,0.924728,180.805,120.537,271.207,2826.6,1884.4,4239.9,0.0040051,0.00267007,0.00600766,77410.1,51606.7,116115,0.109685,0.0731233,0.164528
2020-08-03,11001,District of Columbia,DC,12313,586,65,0.571429,0.0184457,2.74216,1.82811,4.11324,0.88777,172.984,115.322,259.476,2812.7,1875.13,4219.05,0.00398541,0.00265694,0.00597811,77583.1,51722,116375,0.10993,0.0732867,0.164895
2020-08-04,11001,District of Columbia,DC,12398,587,64.7143,0.571429,0.0204931,2.77801,1.85201,4.16702,0.85632,162.948,108.632,244.423,2791.05,1860.7,4186.58,0.00395474,0.00263649,0.00593211,77746,51830.7,116619,0.110161,0.0734407,0.165242
2020-08-05,11001,District of Columbia,DC,12443,587,63.4286,0.428571,0.0194942,2.75471,1.83647,4.13207,0.831825,155.221,103.48,232.831,2762.27,1841.51,4143.41,0.00391396,0.0026093,0.00587094,77901.2,51934.2,116852,0.110381,0.0735873,0.165571
2020-08-06,11001,District of Columbia,DC,12518,587,65.8571,0.428571,0.0200496,2.76127,1.84085,4.14191,0.818697,149.336,99.5575,224.005,2729.58,1819.72,4094.38,0.00386764,0.00257843,0.00580147,78050.6,52033.7,117076,0.110593,0.0737283,0.165889
2020-08-07,11001,District of Columbia,DC,12589,589,66.1429,0.571429,0.0231685,2.81397,1.87598,4.22095,0.818613,143.336,95.5576,215.005,2691.19,1794.13,4036.79,0.00381324,0.00254216,0.00571986,78193.9,52129.3,117291,0.110796,0.0738637,0.166193
2020-08-08,11001,District of Columbia,DC,12653,590,64,0.714286,0.0229121,2.80515,1.8701,4.20772,0.831314,139.21,92.8066,208.815,2645.94,1763.96,3968.91,0.00374912,0.00249942,0.00562369,78333.1,52222.1,117500,0.110993,0.0739952,0.166489
2020-08-09,11001,District of Columbia,DC,12753,591,68.4286,0.714286,0.0230843,2.80389,1.86926,4.20584,0.854346,135.706,90.4708,203.559,2594.98,1729.98,3892.46,0.00367691,0.00245127,0.00551537,78468.8,52312.5,117703,0.111185,0.0741234,0.166778
2020-08-10,11001,District of Columbia,DC,12807,591,70.5714,0.714286,0.0228958,2.79639,1.86426,4.19458,0.883039,135.706,90.4707,203.559,2539.85,1693.24,3809.78,0.00359881,0.0023992,0.00539821,78604.5,52403,117907,0.111377,0.0742516,0.167066
2020-08-11,11001,District of Columbia,DC,12896,593,71.1429,0.857143,0.0202258,2.74459,1.82973,4.11689,0.914463,137.43,91.6197,206.144,2483.96,1655.97,3725.94,0.00351961,0.0023464,0.00527941,78742,52494.6,118113,0.111572,0.0743814,0.167358
2020-08-12,11001,District of Columbia,DC,12959,593,73.7143,0.857143,0.0215755,2.76503,1.84335,4.14755,0.944492,138.213,92.1417,207.319,2426.65,1617.76,3639.97,0.0034384,0.00229226,0.0051576,78880.2,52586.8,118320,0.111768,0.074512,0.167652
2020-08-13,11001,District of Columbia,DC,13024,594,72.2857,1,0.0213809,2.75763,1.83842,4.13644,0.972064,138.114,92.0755,207.17,2367.03,1578.02,3550.55,0.00335393,0.00223595,0.00503089,79018.3,52678.9,118527,0.111964,0.0746425,0.167946
2020-08-14,11001,District of Columbia,DC,13118,594,75.5714,0.714286,0.0191806,2.66658,1.77772,3.99988,0.990099,137.435,91.6229,206.152,2308.47,1538.98,3462.7,0.00327094,0.00218063,0.00490642,79155.7,52770.5,118734,0.112158,0.0747723,0.168238
2020-08-15,11001,District of Columbia,DC,13159,597,72.2857,1,0.0195503,2.69677,1.79785,4.04516,0.998707,137.737,91.8245,206.605,2252.91,1501.94,3379.36,0.00319222,0.00212815,0.00478834,79293.5,52862.3,118940,0.112354,0.0749024,0.16853
2020-08-16,11001,District of Columbia,DC,13220,597,66.7143,0.857143,0.0187475,2.69493,1.79662,4.04239,0.996932,140.979,93.9856,211.468,2205.16,1470.1,3307.74,0.00312457,0.00208304,0.00468685,79434.4,52956.3,119152,0.112553,0.0750356,0.16883
2020-08-17,11001,District of Columbia,DC,13273,597,66.5714,0.857143,0.0184452,2.67969,1.78646,4.01954,0.98764,138.285,92.19,207.428,2162.64,1441.76,3243.96,0.00306432,0.00204288,0.00459648,79572.7,53048.5,119359,0.112749,0.0751662,0.169124
2020-08-18,11001,District of Columbia,DC,13325,599,61.2857,0.857143,0.0173481,2.66473,1.77649,3.9971,0.97029,135.424,90.2825,203.136,2125.08,1416.72,3187.62,0.0030111,0.0020074,0.00451665,79708.1,53138.8,119562,0.112941,0.0752941,0.169412
2020-08-19,11001,District of Columbia,DC,13354,600,56.4286,1,0.015852,2.62899,1.75266,3.94349,0.951607,130.815,87.2098,196.222,2092.95,1395.3,3139.42,0.00296557,0.00197704,0.00444835,79839,53226,119758,0.113127,0.0754177,0.16969
2020-08-20,11001,District of Columbia,DC,13409,601,55,1,0.0158202,2.62889,1.75259,3.94334,0.928842,127.693,85.1285,191.539,2065.42,1376.94,3098.13,0.00292656,0.00195104,0.00438984,79966.6,53311.1,119950,0.113307,0.0755383,0.169961
2020-08-21,11001,District of Columbia,DC,13469,602,50.1429,1.14286,0.0154265,2.61793,1.74529,3.92689,0.910036,125.652,83.7678,188.478,2041.73,1361.15,3062.6,0.002893,0.00192867,0.0043395,80092.3,53394.9,120138,0.113486,0.075657,0.170228
2020-08-22,11001,District of Columbia,DC,13534,604,53.5714,1,0.0161471,2.62907,1.75271,3.9436,0.895547,122.269,81.513,183.404,2020.67,1347.11,3031,0.00286315,0.00190877,0.00429473,80214.6,53476.4,120322,0.113659,0.0757725,0.170488
2020-08-23,11001,District of Columbia,DC,13590,604,52.8571,1,0.0159524,2.62218,1.74812,3.93327,0.883866,117.34,78.2268,176.01,1998.8,1332.53,2998.19,0.00283216,0.00188811,0.00424824,80331.9,53554.6,120498,0.113825,0.0758834,0.170738
2020-08-24,11001,District of Columbia,DC,13639,604,52.2857,1,0.0154131,2.60858,1.73905,3.91286,0.878978,113.663,75.7753,170.494,1976.75,1317.83,2965.13,0.00280093,0.00186728,0.00420139,80445.6,53630.4,120668,0.113986,0.0759907,0.170979
2020-08-25,11001,District of Columbia,DC,13684,604,51.2857,0.714286,0.0162121,2.62111,1.7474,3.93166,0.883781,112.255,74.8369,168.383,1953.3,1302.2,2929.95,0.0027677,0.00184513,0.00415155,80557.8,53705.2,120837,0.114145,0.0760968,0.171218
2020-08-26,11001,District of Columbia,DC,13684,605,47.1429,0.714286,0.0166599,2.62657,1.75105,3.93985,0.895021,109.325,72.8834,163.988,1925.2,1283.46,2887.8,0.00272788,0.00181858,0.00409182,80667.1,53778.1,121001,0.1143,0.0762,0.17145
2020-08-27,11001,District of Columbia,DC,13794,605,55,0.571429,0.0169462,2.62888,1.75258,3.94331,0.914002,109.169,72.7794,163.754,1896.15,1264.1,2844.23,0.00268672,0.00179115,0.00403009,80776.3,53850.9,121165,0.114455,0.0763032,0.171682
2020-08-28,11001,District of Columbia,DC,13851,605,54.5714,0.428571,0.0169846,2.62656,1.75104,3.93984,0.943737,108.529,72.3527,162.793,1866.57,1244.38,2799.85,0.00264481,0.0017632,0.00396721,80884.8,53923.2,121327,0.114609,0.0764057,0.171913
2020-08-29,11001,District of Columbia,DC,13925,605,55.8571,0.142857,0.0167696,2.61961,1.7464,3.92941,0.974996,109.442,72.9612,164.163,1838.58,1225.72,2757.86,0.00260514,0.00173676,0.00390771,80994.3,53996.2,121491,0.114764,0.0765091,0.172145
2020-08-30,11001,District of Columbia,DC,13959,606,52.7143,0.285714,0.01674,2.61611,1.74407,3.92417,1.01869,112.18,74.7869,168.27,1813.02,1208.68,2719.53,0.00256893,0.00171262,0.0038534,81106.5,54071,121660,0.114923,0.076615,0.172384
2020-08-31,11001,District of Columbia,DC,13992,607,50.4286,0.428571,0.0165876,2.61039,1.74026,3.91559,1.06073,117.746,78.4974,176.619,1789.79,1193.19,2684.68,0.00253601,0.00169067,0.00380402,81224.2,54149.5,121836,0.115089,0.0767263,0.172634
2020-09-01,11001,District of Columbia,DC,14049,607,52.1429,0.428571,0.0171991,2.61861,1.74574,3.92792,1.09659,119.859,79.9062,179.789,1771.36,1180.91,2657.04,0.0025099,0.00167327,0.00376485,81344.1,54229.4,122016,0.115259,0.0768395,0.172889
2020-09-02,11001,District of Columbia,DC,14077,608,56.1429,0.428571,0.0168654,2.6097,1.7398,3.91456,1.11895,127.624,85.0825,191.436,1763.56,1175.71,2645.34,0.00249885,0.0016659,0.00374828,81471.7,54314.5,122208,0.11544,0.07696,0.17316
2020-09-03,11001,District of Columbia,DC,14135,609,48.7143,0.571429,0.0154613,2.58105,1.7207,3.87157,1.12933,129.92,86.6136,194.881,1762.67,1175.11,2644,0.00249758,0.00166506,0.00374638,81601.6,54401.1,122402,0.115624,0.0770828,0.173436
2020-09-04,11001,District of Columbia,DC,14186,611,47.8571,0.857143,0.0153656,2.57655,1.7177,3.86482,1.11467,131.916,87.9441,197.874,1766.89,1177.93,2650.34,0.00250357,0.00166905,0.00375535,81733.5,54489,122600,0.115811,0.0772074,0.173717
2020-09-05,11001,District of Columbia,DC,14238,611,44.7143,0.857143,0.0141578,2.55086,1.70058,3.82629,1.09139,131.799,87.8661,197.699,1773.04,1182.03,2659.56,0.00251228,0.00167485,0.00376842,81865.3,54576.9,122798,0.115998,0.0773319,0.173997
2020-09-06,11001,District of Columbia,DC,14279,611,45.7143,0.714286,0.013663,2.53866,1.69244,3.80799,1.04878,128.494,85.6628,192.742,1779.26,1186.18,2668.89,0.0025211,0.00168073,0.00378165,81993.8,54662.6,122991,0.11618,0.0774532,0.17427
2020-09-07,11001,District of Columbia,DC,14315,611,46.1429,0.571429,0.0140234,2.54321,1.69547,3.81482,1.00024,124.353,82.9021,186.53,1786.28,1190.85,2679.41,0.00253104,0.00168736,0.00379655,82118.2,54745.5,123177,0.116356,0.0775707,0.174534
2020-09-08,11001,District of Columbia,DC,14362,611,44.7143,0.571429,0.0131767,2.52415,1.68277,3.78623,0.952066,121.47,80.9799,182.205,1794.08,1196.06,2691.13,0.0025421,0.00169473,0.00381315,82239.7,54826.4,123360,0.116528,0.0776855,0.174792
2020-09-09,11001,District of Columbia,DC,14387,615,44.2857,1,0.013559,2.52929,1.68619,3.79393,0.912497,115.783,77.1886,173.675,1797.61,1198.41,2696.42,0.0025471,0.00169806,0.00382065,82355.4,54903.6,123533,0.116692,0.0777948,0.175038
2020-09-10,11001,District of Columbia,DC,14412,616,39.5714,1,0.0135592,2.52689,1.6846,3.79034,0.880562,111.676,74.4506,167.514,1799.96,1199.97,2699.94,0.00255043,0.00170028,0.00382564,82467.1,54978.1,123701,0.11685,0.0779003,0.175276
2020-09-11,11001,District of Columbia,DC,14493,616,43.8571,0.714286,0.0169754,2.58689,1.72459,3.88034,0.864627,107.771,71.8471,161.656,1798.56,1199.04,2697.85,0.00254845,0.00169896,0.00382267,82574.9,55049.9,123862,0.117003,0.0780021,0.175505
2020-09-12,11001,District of Columbia,DC,14493,616,36.4286,0.714286,0.0160425,2.56798,1.71199,3.85197,0.855827,104.751,69.8344,157.127,1794.79,1196.52,2692.18,0.00254309,0.0016954,0.00381464,82679.6,55119.8,124019,0.117152,0.0781011,0.175727
2020-09-13,11001,District of Columbia,DC,14592,616,44.7143,0.714286,0.0163609,2.57103,1.71402,3.85654,0.856503,103.067,68.7113,154.6,1788.41,1192.27,2682.62,0.00253406,0.00168937,0.00380109,82782.7,55188.5,124174,0.117298,0.0781984,0.175947
2020-09-14,11001,District of Columbia,DC,14622,616,43.8571,0.714286,0.0166549,2.57357,1.71572,3.86036,0.863867,99.9013,66.6011,149.852,1776.13,1184.09,2664.2,0.00251666,0.00167777,0.00377499,82882.6,55255.1,124324,0.117439,0.0782928,0.176159
2020-09-15,11001,District of Columbia,DC,14687,616,46.4286,0.714286,0.0165125,2.56859,1.71239,3.85288,0.874888,97.5333,65.0223,146.3,1755.92,1170.61,2633.88,0.00248802,0.00165868,0.00373203,82980.1,55320.1,124470,0.117577,0.0783849,0.176366
2020-09-16,11001,District of Columbia,DC,14743,617,50.8571,0.285714,0.0172975,2.57938,1.71959,3.86907,0.895277,95.1001,63.4002,142.65,1731.16,1154.11,2596.74,0.00245294,0.00163529,0.00367941,83075.2,55383.5,124613,0.117712,0.0784748,0.176568
2020-09-17,11001,District of Columbia,DC,14790,619,54,0.428571,0.0170809,2.57322,1.71548,3.85983,0.922348,94.157,62.7714,141.235,1697.69,1131.8,2546.54,0.00240552,0.00160368,0.00360828,83169.4,55446.3,124754,0.117846,0.0785637,0.176768
2020-09-18,11001,District of Columbia,DC,14852,619,51.2857,0.428571,0.0139787,2.50063,1.66708,3.75094,0.963097,94.3955,62.9304,141.593,1662.17,1108.11,2493.25,0.00235518,0.00157012,0.00353278,83263.8,55509.2,124896,0.117979,0.0786529,0.176969
2020-09-19,11001,District of Columbia,DC,14902,619,58.4286,0.428571,0.0149317,2.53128,1.68752,3.79693,1.01586,98.4119,65.6079,147.618,1628.66,1085.78,2443,0.00230771,0.00153847,0.00346156,83362.2,55574.8,125043,0.118119,0.0787458,0.177178
2020-09-20,11001,District of Columbia,DC,14955,620,51.8571,0.571429,0.0148145,2.5269,1.6846,3.79036,1.0799,101.239,67.4926,151.858,1598.1,1065.4,2397.16,0.00226441,0.00150961,0.00339661,83463.4,55642.3,125195,0.118262,0.0788415,0.177393
2020-09-21,11001,District of Columbia,DC,14978,621,50.8571,0.714286,0.0139084,2.49406,1.6627,3.74108,1.14576,109.182,72.7879,163.773,1578.79,1052.53,2368.19,0.00223704,0.00149136,0.00335556,83572.6,55715.1,125359,0.118417,0.0789446,0.177625
2020-09-22,11001,District of Columbia,DC,15021,621,47.7143,0.714286,0.013174,2.48221,1.6548,3.72331,1.21475,117.012,78.0079,175.518,1571.45,1047.63,2357.17,0.00222664,0.00148443,0.00333996,83689.6,55793.1,125534,0.118583,0.0790551,0.177874
2020-09-23,11001,District of Columbia,DC,15050,621,43.8571,0.571429,0.0121792,2.46359,1.64239,3.69538,1.26178,125.613,83.742,188.419,1575.59,1050.4,2363.39,0.00223251,0.00148834,0.00334877,83815.2,55876.8,125723,0.118761,0.0791738,0.178141
2020-09-24,11001,District of Columbia,DC,15106,621,45.1429,0.285714,0.0119025,2.43597,1.62398,3.65396,1.29594,133.823,89.2155,200.735,1593.63,1062.42,2390.45,0.00225807,0.00150538,0.00338711,83949.1,55966,125924,0.11895,0.0793002,0.178426
2020-09-25,11001,District of Columbia,DC,15163,623,44.4286,0.571429,0.01175,2.43227,1.62152,3.64841,1.30007,141.614,94.4094,212.421,1623.57,1082.38,2435.36,0.00230049,0.00153366,0.00345074,84090.7,56060.5,126136,0.119151,0.079434,0.178726
2020-09-26,11001,District of Columbia,DC,15215,624,44.7143,0.714286,0.011549,2.41736,1.61158,3.62605,1.27884,143.499,95.6658,215.248,1659.3,1106.2,2488.95,0.00235112,0.00156741,0.00352668,84234.2,56156.1,126351,0.119354,0.0795695,0.179031
2020-09-27,11001,District of Columbia,DC,15250,624,42.1429,0.571429,0.0113396,2.42719,1.61813,3.64078,1.23445,149.435,99.6231,224.152,1703.98,1135.99,2555.97,0.00241443,0.00160962,0.00362165,84383.6,56255.7,126575,0.119566,0.0797107,0.179349
2020-09-28,11001,District of Columbia,DC,15264,624,40.8571,0.428571,0.0113026,2.43538,1.62359,3.65307,1.18065,147.844,98.5623,221.765,1748.76,1165.84,2623.14,0.00247788,0.00165192,0.00371681,84531.5,56354.3,126797,0.119776,0.0798503,0.179663
2020-09-29,11001,District of Columbia,DC,15300,626,39.8571,0.714286,0.0112668,2.44129,1.62753,3.66194,1.11155,146.424,97.6162,219.636,1795.28,1196.85,2692.92,0.0025438,0.00169586,0.00381569,84677.9,56451.9,127017,0.119983,0.0799887,0.179975
2020-09-30,11001,District of Columbia,DC,15326,627,39.4286,0.857143,0.0113059,2.4412,1.62747,3.6618,1.0542,144.444,96.2963,216.667,1842.19,1228.13,2763.29,0.00261027,0.00174018,0.0039154,84822.3,56548.2,127234,0.120188,0.0801251,0.180282
2020-10-01,11001,District of Columbia,DC,15358,628,36,1,0.0112939,2.43914,1.6261,3.65871,0.998842,141.091,94.061,211.637,1888.19,1258.79,2832.28,0.00267543,0.00178362,0.00401315,84963.4,56642.3,127445,0.120388,0.0802584,0.180581
2020-10-02,11001,District of Columbia,DC,15423,629,37.1429,0.857143,0.0126632,2.46309,1.64206,3.69463,0.958608,136.744,91.1626,205.116,1930.77,1287.18,2896.16,0.00273578,0.00182385,0.00410366,85100.2,56733.4,127650,0.120581,0.0803876,0.180872
2020-10-03,11001,District of Columbia,DC,15473,629,36.8571,0.714286,0.0131834,2.47057,1.64705,3.70586,0.93063,134.963,89.9751,202.444,1971.34,1314.23,2957.01,0.00279326,0.00186217,0.00418988,85235.1,56823.4,127853,0.120773,0.080515,0.181159
2020-10-04,11001,District of Columbia,DC,15519,631,38.4286,1,0.0144112,2.48999,1.65999,3.73498,0.915655,130.259,86.8396,195.389,2003.19,1335.46,3004.78,0.00283838,0.00189226,0.00425757,85365.4,56910.3,128048,0.120957,0.0806381,0.181436
2020-10-05,11001,District of Columbia,DC,15547,631,40.4286,1,0.0152808,2.5025,1.66833,3.75375,0.908371,129.327,86.2177,193.99,2031.27,1354.18,3046.91,0.00287818,0.00191879,0.00431727,85494.7,56996.5,128242,0.12114,0.0807603,0.181711
2020-10-06,11001,District of Columbia,DC,15652,631,50.2857,0.714286,0.0148944,2.4941,1.66273,3.74115,0.918259,126.744,84.4961,190.116,2048.84,1365.89,3073.25,0.00290307,0.00193538,0.0043546,85621.5,57081,128432,0.12132,0.08088,0.18198
2020-10-07,11001,District of Columbia,DC,15652,631,46.5714,0.571429,0.0149621,2.49169,1.66113,3.73753,0.934656,125.143,83.4286,187.714,2056.97,1371.31,3085.45,0.00291459,0.00194306,0.00437188,85746.6,57164.4,128620,0.121497,0.0809982,0.182246
2020-10-08,11001,District of Columbia,DC,15765,634,58.1429,0.857143,0.0152801,2.46651,1.64434,3.69976,0.963674,125.817,83.8779,188.726,2057.17,1371.45,3085.76,0.00291488,0.00194325,0.00437231,85872.4,57248.3,128809,0.121676,0.081117,0.182513
2020-10-09,11001,District of Columbia,DC,15843,634,60,0.714286,0.0149429,2.43829,1.62552,3.65743,1.00353,128.213,85.4749,192.319,2051.56,1367.71,3077.34,0.00290693,0.00193795,0.00436039,86000.6,57333.8,129001,0.121857,0.0812382,0.182786
2020-10-10,11001,District of Columbia,DC,15918,636,63.5714,1,0.0141046,2.37946,1.58631,3.56919,1.05327,132.903,88.602,199.355,2042.85,1361.9,3064.27,0.00289458,0.00192972,0.00434188,86133.5,57422.4,129200,0.122046,0.0813637,0.183068
2020-10-11,11001,District of Columbia,DC,15984,637,66.4286,0.857143,0.0127951,2.30562,1.53708,3.45843,1.11003,138.496,92.3308,207.745,2037.85,1358.56,3056.77,0.0028875,0.001925,0.00433124,86272,57514.7,129408,0.122242,0.0814945,0.183363
2020-10-12,11001,District of Columbia,DC,16022,637,67.8571,0.857143,0.0127513,2.29464,1.52976,3.44196,1.16963,146.957,97.9711,220.435,2035.37,1356.91,3053.05,0.00288398,0.00192266,0.00432598,86419,57612.7,129628,0.12245,0.0816333,0.183675
2020-10-13,11001,District of Columbia,DC,16068,637,59.4286,0.857143,0.0125862,2.33239,1.55492,3.49858,1.22537,156.83,104.553,235.245,2044.36,1362.9,3066.53,0.00289672,0.00193114,0.00434508,86575.8,57717.2,129864,0.122672,0.0817815,0.184008
2020-10-14,11001,District of Columbia,DC,16132,638,68.5714,1,0.012217,2.29823,1.53215,3.44734,1.2713,168.276,112.184,252.414,2066.21,1377.47,3099.31,0.00292768,0.00195179,0.00439152,86744.1,57829.4,130116,0.122911,0.0819405,0.184366
2020-10-15,11001,District of Columbia,DC,16166,638,57.2857,0.571429,0.0118646,2.30899,1.53933,3.46349,1.30266,179.345,119.563,269.018,2101.11,1400.74,3151.66,0.00297713,0.00198475,0.0044657,86923.4,57949,130385,0.123165,0.0821099,0.184747
2020-10-16,11001,District of Columbia,DC,16255,641,58.8571,1,0.0122758,2.31683,1.54456,3.47525,1.31271,190.365,126.91,285.547,2150.38,1433.59,3225.57,0.00304695,0.0020313,0.00457043,87113.8,58075.9,130671,0.123435,0.0822897,0.185152
2020-10-17,11001,District of Columbia,DC,16334,641,59.4286,0.714286,0.0122826,2.31213,1.54142,3.46819,1.30552,198.267,132.178,297.4,2211.91,1474.6,3317.86,0.00313412,0.00208941,0.00470119,87312.1,58208,130968,0.123715,0.082477,0.185573
2020-10-18,11001,District of Columbia,DC,16370,641,55.1429,0.571429,0.0125987,2.35186,1.56791,3.52779,1.27914,205.795,137.196,308.692,2282.74,1521.82,3424.11,0.00323449,0.00215632,0.00485173,87517.9,58345.2,131277,0.124007,0.0826714,0.186011
2020-10-19,11001,District of Columbia,DC,16395,641,53.2857,0.571429,0.0123424,2.351,1.56733,3.52649,1.24189,209.455,139.636,314.182,2361.93,1574.62,3542.9,0.0033467,0.00223113,0.00502005,87727.3,58484.9,131591,0.124304,0.0828692,0.186456
2020-10-20,11001,District of Columbia,DC,16445,642,53.8571,0.714286,0.0122697,2.34215,1.56143,3.51322,1.19602,214.524,143.016,321.787,2447.13,1631.42,3670.69,0.00346742,0.00231161,0.00520113,87941.8,58627.9,131913,0.124608,0.0830719,0.186912
2020-10-21,11001,District of Columbia,DC,16498,642,52.2857,0.571429,0.0129875,2.3844,1.5896,3.57661,1.15266,214.69,143.126,322.035,2535.08,1690.05,3802.61,0.00359204,0.00239469,0.00538805,88156.5,58771,132235,0.124912,0.0832747,0.187368
2020-10-22,11001,District of Columbia,DC,16537,642,53,0.571429,0.0128726,2.37251,1.58167,3.55876,1.1168,215.862,143.908,323.793,2625.79,1750.53,3938.69,0.00372058,0.00248038,0.00558087,88372.4,58914.9,132559,0.125218,0.0834786,0.187827
2020-10-23,11001,District of Columbia,DC,16609,642,50.5714,0.142857,0.0118134,2.33898,1.55932,3.50848,1.09826,216.782,144.521,325.174,2716.76,1811.17,4075.14,0.00384947,0.00256631,0.0057742,88589.2,59059.4,132884,0.125525,0.0836834,0.188288
2020-10-24,11001,District of Columbia,DC,16706,642,53.1429,0.142857,0.0130138,2.37468,1.58312,3.56203,1.09414,219.018,146.012,328.527,2807.57,1871.71,4211.35,0.00397814,0.00265209,0.0059672,88808.2,59205.5,133212,0.125835,0.0838902,0.188753
2020-10-25,11001,District of Columbia,DC,16767,642,56.7143,0.142857,0.013491,2.3699,1.57993,3.55485,1.11027,227.647,151.764,341.47,2902.31,1934.87,4353.46,0.00411238,0.00274159,0.00616857,89035.8,59357.2,133554,0.126158,0.0841053,0.189237
2020-10-26,11001,District of Columbia,DC,16812,642,59.5714,0.142857,0.0143053,2.38442,1.58961,3.57663,1.14188,239.369,159.579,359.054,3003.18,2002.12,4504.77,0.00425531,0.00283687,0.00638297,89275.2,59516.8,133913,0.126497,0.0843314,0.189746
2020-10-27,11001,District of Columbia,DC,16906,644,65.8571,0.285714,0.0160454,2.41395,1.6093,3.62092,1.18265,251.976,167.983,377.963,3108.2,2072.13,4662.3,0.00440412,0.00293607,0.00660617,89527.2,59684.8,134291,0.126854,0.0845694,0.190281
2020-10-28,11001,District of Columbia,DC,16973,644,67.8571,0.285714,0.0163997,2.41422,1.60948,3.62133,1.22995,268.957,179.304,403.435,3220.33,2146.88,4830.49,0.00456299,0.00304199,0.00684449,89796.1,59864.1,134694,0.127235,0.0848235,0.190853
2020-10-29,11001,District of Columbia,DC,17074,645,76.7143,0.428571,0.0176476,2.41111,1.6074,3.61666,1.27395,286.912,191.275,430.369,3338.96,2225.97,5008.44,0.00473109,0.00315406,0.00709663,90083.1,60055.4,135125,0.127642,0.0850945,0.191463
2020-10-30,11001,District of Columbia,DC,17144,646,76.4286,0.571429,0.0188533,2.45194,1.63462,3.6779,1.307,304.774,203.182,457.16,3464.39,2309.59,5196.59,0.00490882,0.00327254,0.00736322,90387.8,60258.5,135582,0.128074,0.0853824,0.19211
2020-10-31,11001,District of Columbia,DC,17266,646,80,0.571429,0.024804,2.57902,1.71935,3.86853,1.32726,329.556,219.704,494.335,3603.58,2402.39,5405.37,0.00510604,0.00340402,0.00765906,90717.4,60478.3,136076,0.128541,0.0856937,0.192811
2020-11-01,11001,District of Columbia,DC,17369,646,86,0.571429,0.0207486,2.46383,1.64255,3.69575,1.33133,344.998,229.999,517.497,3750.31,2500.21,5625.47,0.00531395,0.00354263,0.00797092,91062.4,60708.3,136594,0.129029,0.0860196,0.193544
2020-11-02,11001,District of Columbia,DC,17438,647,89.4286,0.714286,0.0208778,2.45091,1.63394,3.67636,1.31504,362.088,241.392,543.131,3906.61,2604.4,5859.91,0.00553541,0.00369027,0.00830311,91424.5,60949.6,137137,0.129542,0.0863616,0.194314
2020-11-03,11001,District of Columbia,DC,17524,647,88.2857,0.428571,0.0200123,2.42721,1.61814,3.64081,1.2899,375.609,250.406,563.413,4072.76,2715.17,6109.14,0.00577084,0.00384722,0.00865625,91800.1,61200,137700,0.130075,0.0867164,0.195112
2020-11-04,11001,District of Columbia,DC,17601,647,89.7143,0.428571,0.0198207,2.41341,1.60894,3.62012,1.24845,386.807,257.871,580.21,4245.04,2830.03,6367.56,0.00601495,0.00400996,0.00902242,92186.9,61457.9,138280,0.130623,0.0870818,0.195934
2020-11-05,11001,District of Columbia,DC,17682,650,86.8571,0.714286,0.0198446,2.42453,1.61635,3.63679,1.19991,394.14,262.76,591.209,4424.49,2949.66,6636.74,0.00626922,0.00417947,0.00940382,92581,61720.7,138872,0.131181,0.0874541,0.196772
2020-11-06,11001,District of Columbia,DC,17792,652,92.5714,0.857143,0.0201286,2.40771,1.60514,3.61157,1.14602,401.171,267.447,601.757,4609.8,3073.2,6914.7,0.00653179,0.00435452,0.00979768,92982.2,61988.1,139473,0.13175,0.0878331,0.197625
2020-11-07,11001,District of Columbia,DC,17891,654,89.2857,1.14286,0.0171444,2.32377,1.54918,3.48565,1.09181,393.445,262.296,590.167,4786.47,3190.97,7179.69,0.00678211,0.0045214,0.0101732,93375.6,62250.4,140063,0.132307,0.0882048,0.198461
2020-11-08,11001,District of Columbia,DC,18001,654,90.2857,1.14286,0.0209251,2.43775,1.62516,3.65662,1.04127,386.652,257.767,579.977,4954.1,3302.73,7431.14,0.00701963,0.00467975,0.0105294,93762.3,62508.2,140643,0.132855,0.08857,0.199283
2020-11-09,11001,District of Columbia,DC,18087,655,92.7143,1.14286,0.0211815,2.43356,1.62237,3.65034,1.00411,374.84,249.893,562.26,5101.29,3400.86,7651.93,0.0072282,0.00481879,0.0108423,94137.1,62758.1,141206,0.133386,0.0889241,0.200079
2020-11-10,11001,District of Columbia,DC,18173,657,92.7143,1.42857,0.0228409,2.48005,1.65337,3.72007,0.973934,366.4,244.266,549.599,5228.32,3485.55,7842.48,0.00740819,0.00493879,0.0111123,94503.5,63002.3,141755,0.133905,0.0892702,0.200858
2020-11-11,11001,District of Columbia,DC,18379,657,111.143,1.42857,0.0259498,2.49156,1.66104,3.73734,0.962614,367.241,244.827,550.861,5343.59,3562.39,8015.38,0.00757151,0.00504767,0.0113573,94870.8,63247.2,142306,0.134426,0.0896171,0.201639
2020-11-12,11001,District of Columbia,DC,18507,657,117.857,1,0.0265889,2.48305,1.65536,3.72457,0.967864,368.191,245.46,552.286,5442.82,3628.55,8164.23,0.00771212,0.00514141,0.0115682,95239,63492.6,142858,0.134947,0.0899649,0.202421
2020-11-13,11001,District of Columbia,DC,18666,657,124.857,0.714286,0.027943,2.49188,1.66125,3.73782,0.989518,367.944,245.296,551.916,5523.85,3682.57,8285.78,0.00782694,0.00521795,0.0117404,95606.9,63737.9,143410,0.135469,0.0903125,0.203203
2020-11-14,11001,District of Columbia,DC,18814,658,131.857,0.571429,0.028197,2.475,1.65,3.7125,1.02607,377.599,251.733,566.399,5596.68,3731.12,8395.02,0.00793013,0.00528675,0.0118952,95984.5,63989.7,143977,0.136004,0.0906692,0.204006
2020-11-15,11001,District of Columbia,DC,18977,660,139.429,0.857143,0.0294233,2.48002,1.65335,3.72003,1.07199,390.639,260.426,585.958,5657.76,3771.84,8486.64,0.00801668,0.00534445,0.012025,96375.1,64250.1,144563,0.136557,0.0910382,0.204836
2020-11-16,11001,District of Columbia,DC,19064,660,139.571,0.714286,0.0309785,2.51236,1.6749,3.76854,1.12004,411.544,274.363,617.316,5724.31,3816.2,8586.46,0.00811097,0.00540731,0.0121664,96786.7,64524.5,145180,0.13714,0.0914269,0.205711
2020-11-17,11001,District of Columbia,DC,19309,660,162.286,0.428571,0.0325418,2.48584,1.65723,3.72876,1.17095,436.484,290.99,654.727,5798.7,3865.8,8698.05,0.00821638,0.00547759,0.0123246,97223.2,64815.4,145835,0.137759,0.0918392,0.206638
2020-11-18,11001,District of Columbia,DC,19465,665,155.143,1.14286,0.0316249,2.48166,1.65444,3.72249,1.2159,455.098,303.399,682.646,5878.19,3918.79,8817.29,0.00832901,0.00555267,0.0124935,97678.3,65118.8,146517,0.138404,0.0922691,0.207606
2020-11-19,11001,District of Columbia,DC,19678,667,167.286,1.42857,0.0322554,2.46447,1.64298,3.6967,1.25336,480.357,320.238,720.535,5971.74,3981.16,8957.61,0.00846157,0.00564104,0.0126923,98158.6,65439.1,147238,0.139084,0.0927229,0.208627
2020-11-20,11001,District of Columbia,DC,19808,669,163.143,1.71429,0.0330029,2.48724,1.65816,3.73086,1.28354,510.962,340.641,766.442,6088.57,4059.04,9132.85,0.0086271,0.0057514,0.0129406,98669.6,65779.7,148004,0.139808,0.0932055,0.209713
2020-11-21,11001,District of Columbia,DC,19961,670,163.857,1.71429,0.0323417,2.47003,1.64668,3.70504,1.29996,544.05,362.7,816.074,6231.45,4154.3,9347.16,0.00882955,0.00588636,0.0132443,99213.6,66142.4,148820,0.140579,0.0937195,0.210869
2020-11-22,11001,District of Columbia,DC,20151,670,167.714,1.42857,0.0280111,2.36782,1.57855,3.55173,1.30077,579.819,386.546,869.727,6417.82,4278.55,9626.72,0.00909363,0.00606242,0.0136404,99793.5,66529,149690,0.141401,0.0942672,0.212101
2020-11-23,11001,District of Columbia,DC,20290,672,175.143,1.71429,0.0249649,2.28314,1.52209,3.42471,1.28644,606.169,404.112,909.251,6637.34,4424.89,9956,0.00940467,0.00626978,0.014107,100400,66933.1,150599,0.14226,0.0948398,0.21339
2020-11-24,11001,District of Columbia,DC,20409,673,157.143,1.85714,0.0210809,2.22301,1.482,3.33451,1.25588,624.642,416.428,936.961,6887.14,4591.42,10330.7,0.00975862,0.00650575,0.0146379,101024,67349.5,151536,0.143145,0.0954298,0.214717
2020-11-25,11001,District of Columbia,DC,20516,677,150.143,1.71429,0.0215267,2.24759,1.49839,3.37138,1.21466,634.893,423.262,952.338,7155.63,4770.42,10733.4,0.0101391,0.00675937,0.0152086,101659,67772.8,152489,0.144044,0.0960296,0.216067
2020-11-26,11001,District of Columbia,DC,20736,677,151.143,1.42857,0.0191089,2.18066,1.45377,3.27099,1.16538,637.53,425.02,956.295,7425.92,4950.61,11138.9,0.010522,0.00701469,0.0157831,102297,68197.8,153445,0.144948,0.0966318,0.217422
2020-11-27,11001,District of Columbia,DC,20937,677,161.286,1.14286,0.0187433,2.14956,1.43304,3.22433,1.1109,634.378,422.919,951.567,7692.11,5128.07,11538.2,0.0108992,0.00726614,0.0163488,102931,68620.7,154397,0.145847,0.097231,0.21877
2020-11-28,11001,District of Columbia,DC,21308,678,192.429,1.14286,0.0202392,2.13388,1.42259,3.20083,1.05807,626.467,417.645,939.7,7950.63,5300.42,11925.9,0.0112655,0.00751035,0.0168983,103558,69038.4,155336,0.146734,0.0978228,0.220101
2020-11-29,11001,District of Columbia,DC,21448,680,185.286,1.42857,0.0216853,2.17915,1.45277,3.26872,1.0125,614.245,409.497,921.367,8187.28,5458.18,12280.9,0.0116008,0.00773389,0.0174012,104172,69447.8,156258,0.147605,0.098403,0.221407
2020-11-30,11001,District of Columbia,DC,21552,680,180.286,1.14286,0.0226185,2.20843,1.47229,3.31265,0.977688,603.537,402.359,905.306,8400.18,5600.12,12600.3,0.0119025,0.007935,0.0178537,104775,69850.2,157163,0.14846,0.0989732,0.22269
2020-12-01,11001,District of Columbia,DC,21685,685,182.286,1.71429,0.0263163,2.28717,1.52478,3.43076,0.95555,593.273,395.516,889.91,8581.91,5721.27,12872.8,0.01216,0.00810666,0.01824,105369,70245.7,158053,0.1493,0.0995336,0.223951
2020-12-02,11001,District of Columbia,DC,21842,690,189.429,1.85714,0.0258732,2.26331,1.50887,3.39496,0.941791,585.876,390.584,878.814,8731.3,5820.86,13096.9,0.0123717,0.00824778,0.0185575,105954,70636.3,158932,0.150131,0.100087,0.225196
2020-12-03,11001,District of Columbia,DC,22164,692,204,2.14286,0.0305193,2.33297,1.55531,3.49945,0.935255,581.448,387.632,872.173,8857.65,5905.1,13286.5,0.0125507,0.00836714,0.018826,106536,71023.9,159804,0.150954,0.100636,0.226432
2020-12-04,11001,District of Columbia,DC,22480,693,220.429,2.28571,0.0336877,2.36484,1.57656,3.54725,0.932768,576.859,384.573,865.288,8954.15,5969.43,13431.2,0.0126874,0.00845829,0.0190312,107113,71408.5,160669,0.151772,0.101181,0.227658
2020-12-05,11001,District of Columbia,DC,22872,695,223.429,2.42857,0.0371947,2.42097,1.61398,3.63145,0.929329,565.617,377.078,848.426,9008.8,6005.87,13513.2,0.0127649,0.00850992,0.0191473,107678,71785.6,161518,0.152573,0.101715,0.22886
2020-12-06,11001,District of Columbia,DC,23136,697,241.143,2.42857,0.0381116,2.40762,1.60508,3.61142,0.92419,556.256,370.837,834.385,9021.01,6014.01,13531.5,0.0127822,0.00852145,0.0191733,108235,72156.4,162352,0.153361,0.102241,0.230042
2020-12-07,11001,District of Columbia,DC,23319,701,252.429,3,0.0403167,2.42596,1.61731,3.63894,0.918954,546.74,364.493,820.11,8987.93,5991.95,13481.9,0.0127353,0.00849021,0.019103,108781,72520.9,163172,0.154136,0.102757,0.231204
2020-12-08,11001,District of Columbia,DC,23589,701,272,2.28571,0.0394841,2.38433,1.58955,3.57649,0.912819,527.087,351.391,790.63,8908.85,5939.23,13363.3,0.0126233,0.0084155,0.0189349,109308,72872.3,163963,0.154883,0.103255,0.232324
2020-12-09,11001,District of Columbia,DC,23854,704,287.429,2,0.039434,2.36273,1.57515,3.54409,0.910052,512.006,341.337,768.008,8796.21,5864.14,13194.3,0.0124637,0.00830911,0.0186955,109820,73213.6,164731,0.155608,0.103739,0.233413
2020-12-10,11001,District of Columbia,DC,24098,708,276.286,2.28571,0.0404247,2.39018,1.59345,3.58526,0.911676,504.239,336.159,756.358,8665.56,5777.04,12998.3,0.0122785,0.00818569,0.0184178,110325,73549.8,165487,0.156323,0.104215,0.234484
2020-12-11,11001,District of Columbia,DC,24357,709,268.143,2.28571,0.042176,2.42628,1.61752,3.63942,0.918331,498.513,332.342,747.769,8526.54,5684.36,12789.8,0.0120816,0.00805437,0.0181223,110823,73882.2,166235,0.157029,0.104686,0.235544
2020-12-12,11001,District of Columbia,DC,24643,713,253,2.57143,0.0406874,2.42163,1.61442,3.63245,0.937659,501.796,334.531,752.695,8393.96,5595.98,12590.9,0.0118937,0.00792913,0.0178405,111325,74216.7,166988,0.15774,0.10516,0.23661
2020-12-13,11001,District of Columbia,DC,24874,715,248.286,2.57143,0.0398331,2.41271,1.60848,3.61907,0.967401,500.193,333.462,750.29,8267.69,5511.79,12401.5,0.0117148,0.00780985,0.0175722,111825,74550.1,167738,0.158449,0.105633,0.237674
2020-12-14,11001,District of Columbia,DC,25038,716,245.571,2.14286,0.0391616,2.40385,1.60257,3.60578,0.997232,501.655,334.437,752.483,8155.1,5436.73,12232.6,0.0115552,0.00770349,0.0173329,112327,74884.6,168490,0.15916,0.106107,0.23874
2020-12-15,11001,District of Columbia,DC,25339,720,250,2.71429,0.0377538,2.37264,1.58176,3.55895,1.02836,525.318,350.212,787.977,8076.88,5384.59,12115.3,0.0114444,0.0076296,0.0171666,112852,75234.8,169278,0.159904,0.106603,0.239856
2020-12-16,11001,District of Columbia,DC,25602,720,249.714,2.28571,0.0380986,2.37697,1.58465,3.56545,1.05728,546.256,364.171,819.385,8029.86,5353.24,12044.8,0.0113778,0.00758519,0.0170667,113398,75599,170098,0.160678,0.107119,0.241017
2020-12-17,11001,District of Columbia,DC,25830,725,247.429,2.42857,0.0373485,2.36601,1.57734,3.54902,1.07776,552.128,368.085,828.191,7996.11,5330.74,11994.2,0.01133,0.00755331,0.0169949,113951,75967,170926,0.16146,0.10764,0.242191
2020-12-18,11001,District of Columbia,DC,26104,728,249.571,2.71429,0.0348313,2.31893,1.54595,3.4784,1.09106,557.254,371.503,835.881,7971.92,5314.61,11957.9,0.0112957,0.00753046,0.0169435,114508,76338.6,171762,0.16225,0.108167,0.243375
2020-12-19,11001,District of Columbia,DC,26342,730,242.714,2.42857,0.0339223,2.31092,1.54061,3.46638,1.09545,561.97,374.647,842.955,7957.03,5304.69,11935.5,0.0112746,0.00751639,0.0169119,115070,76713.2,172605,0.163046,0.108698,0.24457
2020-12-20,11001,District of Columbia,DC,26601,737,246.714,3.14286,0.0338402,2.30245,1.53497,3.45368,1.0938,573.818,382.546,860.727,7965.23,5310.15,11947.8,0.0112862,0.00752414,0.0169293,115644,77095.7,173465,0.163859,0.10924,0.245789
2020-12-21,11001,District of Columbia,DC,26740,742,243.143,3.71429,0.0332688,2.29574,1.53049,3.4436,1.0961,586.099,390.733,879.148,7995.07,5330.05,11992.6,0.0113285,0.00755233,0.0169927,116230,77486.5,174345,0.16469,0.109793,0.247035
2020-12-22,11001,District of Columbia,DC,26900,744,223,3.42857,0.0323738,2.30703,1.53802,3.46054,1.09971,592.167,394.778,888.25,8040.5,5360.33,12060.7,0.0113929,0.00759524,0.0170893,116822,77881.3,175233,0.165529,0.110353,0.248293
2020-12-23,11001,District of Columbia,DC,27226,751,232,4.42857,0.0314704,2.27602,1.51735,3.41403,1.10657,604.188,402.792,906.282,8117.6,5411.73,12176.4,0.0115021,0.00766807,0.0172532,117426,78284,176139,0.166385,0.110923,0.249578
2020-12-24,11001,District of Columbia,DC,27436,756,229.429,4.42857,0.0305474,2.26128,1.50752,3.39192,1.12057,627.366,418.244,941.049,8232.96,5488.64,12349.4,0.0116656,0.00777704,0.0174983,118053,78702.3,177080,0.167274,0.111516,0.250911
2020-12-25,11001,District of Columbia,DC,27436,756,190.286,4,0.0303562,2.31846,1.54564,3.47769,1.13752,653.783,435.855,980.673,8382.5,5588.34,12573.8,0.0118775,0.00791831,0.0178162,118707,79138.1,178061,0.1682,0.112134,0.252301
2020-12-26,11001,District of Columbia,DC,27710,762,195.429,4.57143,0.0315149,2.32987,1.55324,3.4948,1.14988,684.714,456.476,1027.07,8568.7,5712.47,12853.1,0.0121413,0.0080942,0.0182119,119392,79594.6,179088,0.169171,0.11278,0.253756
2020-12-27,11001,District of Columbia,DC,28202,768,228.714,4.42857,0.0298984,2.24594,1.4973,3.36892,1.15402,704.892,469.928,1057.34,8771.8,5847.87,13157.7,0.0124291,0.00828604,0.0186436,120097,80064.5,180145,0.170169,0.113446,0.255254
2020-12-28,11001,District of Columbia,DC,28342,771,228.857,4.14286,0.0309643,2.26391,1.50927,3.39586,1.14514,719.91,479.94,1079.87,8991.52,5994.35,13487.3,0.0127404,0.00849359,0.0191106,120817,80544.5,181225,0.171189,0.114126,0.256784
2020-12-29,11001,District of Columbia,DC,28535,775,233.571,4.42857,0.033511,2.30102,1.53402,3.45154,1.12649,727.154,484.769,1090.73,9217.02,6144.68,13825.5,0.0130599,0.0087066,0.0195899,121544,81029.3,182316,0.17222,0.114813,0.25833
2020-12-30,11001,District of Columbia,DC,28758,780,218.857,4.14286,0.0358178,2.36143,1.57428,3.54214,1.09537,727.812,485.208,1091.72,9419.51,6279.67,14129.3,0.0133468,0.00889789,0.0200202,122272,81514.5,183408,0.173251,0.115501,0.259876
2020-12-31,11001,District of Columbia,DC,28983,786,221,4.28571,0.0380491,2.39381,1.59588,3.59072,1.05534,721.798,481.198,1082.7,9595.05,6396.7,14392.6,0.0135956,0.00906371,0.0203933,122994,81995.7,184490,0.174274,0.116182,0.261411
2021-01-01,11001,District of Columbia,DC,29252,788,259.429,4.57143,0.0382147,2.33902,1.55935,3.50853,1.01095,711.103,474.069,1066.65,9754.03,6502.68,14631,0.0138208,0.00921388,0.0207312,123705,82469.7,185557,0.175281,0.116854,0.262922
2021-01-02,11001,District of Columbia,DC,29509,792,257,4.28571,0.0383002,2.342,1.56133,3.513,0.968512,684.207,456.137,1026.31,9880.98,6587.32,14821.5,0.0140007,0.0093338,0.021001,124389,82925.9,186583,0.176251,0.117501,0.264376
2021-01-03,11001,District of Columbia,DC,29764,794,223.143,3.71429,0.0444343,2.4862,1.65747,3.7293,0.929365,661.82,441.213,992.73,9980.83,6653.89,14971.2,0.0141422,0.00942812,0.0212133,125051,83367.1,187576,0.177189,0.118126,0.265783
2021-01-04,11001,District of Columbia,DC,29904,797,223.143,3.71429,0.0443196,2.4827,1.65513,3.72405,0.897804,641.057,427.372,961.586,10048.1,6698.71,15072.1,0.0142375,0.00949164,0.0213562,125692,83794.5,188538,0.178097,0.118731,0.267145
2021-01-05,11001,District of Columbia,DC,30166,801,233,3.71429,0.0432339,2.44834,1.63223,3.67251,0.871457,622.209,414.806,933.314,10084.2,6722.79,15126.3,0.0142886,0.00952575,0.0214329,126314,84209.3,189471,0.178979,0.119319,0.268468
2021-01-06,11001,District of Columbia,DC,30482,806,246.286,3.71429,0.0438253,2.43519,1.62346,3.65279,0.853643,596.758,397.838,895.137,10088.8,6725.85,15133.2,0.0142951,0.00953008,0.0214427,126911,84607.1,190366,0.179824,0.119883,0.269736
2021-01-07,11001,District of Columbia,DC,30750,808,252.429,3.14286,0.0446257,2.43633,1.62422,3.65449,0.8421,570.106,380.07,855.159,10054.7,6703.12,15082,0.0142468,0.00949789,0.0213703,127481,84987.2,191221,0.180632,0.120421,0.270948
2021-01-08,11001,District of Columbia,DC,31107,809,265,3,0.046943,2.45013,1.63342,3.6752,0.837736,545.589,363.726,818.384,9972.91,6648.61,14959.4,0.014131,0.00942064,0.0211964,128026,85350.9,192040,0.181405,0.120937,0.272107
2021-01-09,11001,District of Columbia,DC,31457,813,278.286,3,0.0494617,2.46524,1.64349,3.69785,0.839503,529.328,352.885,793.993,9848.46,6565.64,14772.7,0.0139546,0.00930308,0.0209319,128556,85703.8,192834,0.182155,0.121437,0.273232
2021-01-10,11001,District of Columbia,DC,31791,817,289.571,3.28571,0.0515121,2.47617,1.65078,3.71425,0.849964,516.03,344.02,774.045,9679.77,6453.18,14519.7,0.0137156,0.00914373,0.0205734,129072,86047.8,193608,0.182886,0.121924,0.274329
2021-01-11,11001,District of Columbia,DC,31993,821,298.429,3.42857,0.0524914,2.476,1.65066,3.714,0.86564,507.395,338.263,761.092,9482.28,6321.52,14223.4,0.0134358,0.00895717,0.0201536,129579,86386.1,194369,0.183605,0.122403,0.275408
2021-01-12,11001,District of Columbia,DC,32423,825,322.429,3.42857,0.0520874,2.44079,1.6272,3.66119,0.885335,498.496,332.331,747.744,9260.86,6173.91,13891.3,0.013122,0.00874802,0.0196831,130078,86718.4,195116,0.184311,0.122874,0.276467
2021-01-13,11001,District of Columbia,DC,32600,831,302.571,3.57143,0.0510755,2.44902,1.63268,3.67353,0.904255,497.811,331.875,746.717,9031.52,6021.01,13547.3,0.0127971,0.00853138,0.0191956,130575,87050.3,195863,0.185017,0.123345,0.277525
2021-01-14,11001,District of Columbia,DC,32820,842,295.714,4.85714,0.0495239,2.43521,1.62347,3.65282,0.922296,499.14,332.76,748.711,8802.85,5868.56,13204.3,0.0124731,0.00831537,0.0187096,131075,87383,196612,0.185724,0.123816,0.278586
2021-01-15,11001,District of Columbia,DC,33140,842,290.429,4.71429,0.0473044,2.4102,1.6068,3.6153,0.932551,496.546,331.03,744.818,8577.59,5718.4,12866.4,0.0121539,0.00810259,0.0182308,131571,87714.1,197357,0.186428,0.124285,0.279641
2021-01-16,11001,District of Columbia,DC,33537,847,297.143,4.85714,0.0418259,2.32429,1.54953,3.48643,0.93432,486.162,324.108,729.243,8352.65,5568.43,12529,0.0118352,0.00789011,0.0177527,132057,88038.2,198086,0.187116,0.124744,0.280675
2021-01-17,11001,District of Columbia,DC,33851,850,294.286,4.71429,0.0395834,2.29344,1.52896,3.44016,0.927146,476.378,317.586,714.568,8144.82,5429.88,12217.2,0.0115407,0.00769379,0.017311,132534,88355.8,198800,0.187791,0.125194,0.281687
2021-01-18,11001,District of Columbia,DC,34033,857,291.429,5.14286,0.0384644,2.27859,1.51906,3.41789,0.913786,459.001,306.001,688.502,7942.01,5294.67,11913,0.0112533,0.0075022,0.01688,132993,88661.8,199489,0.188442,0.125628,0.282663
2021-01-19,11001,District of Columbia,DC,34259,861,262.286,5.14286,0.0365635,2.28265,1.52176,3.42397,0.896386,442.624,295.082,663.936,7743.57,5162.38,11615.4,0.0109721,0.00731475,0.0164582,133435,88956.8,200153,0.189069,0.126046,0.283604
2021-01-20,11001,District of Columbia,DC,34403,863,257.571,4.57143,0.03538,2.26849,1.51233,3.40274,0.885124,428.128,285.419,642.192,7549.49,5032.99,11324.2,0.0106971,0.00713142,0.0160457,133863,89242.3,200795,0.189676,0.12645,0.284513
2021-01-21,11001,District of Columbia,DC,34612,864,256,3.14286,0.0339015,2.24526,1.49684,3.3679,0.877308,412.969,275.312,619.453,7365.7,4910.47,11048.6,0.0104367,0.00695781,0.0156551,134276,89517.6,201415,0.190261,0.126841,0.285391
2021-01-22,11001,District of Columbia,DC,34905,867,252.143,3.57143,0.0341492,2.2529,1.50193,3.37935,0.878643,400.371,266.914,600.557,7195.97,4797.31,10794,0.0101962,0.00679748,0.0152943,134677,89784.5,202015,0.190828,0.127219,0.286242
2021-01-23,11001,District of Columbia,DC,35077,870,220,3.28571,0.0361333,2.32949,1.55299,3.49423,0.888057,403.607,269.071,605.41,7053.98,4702.66,10581,0.00999503,0.00666336,0.0149926,135080,90053.6,202621,0.1914,0.1276,0.2871
2021-01-24,11001,District of Columbia,DC,35301,872,207.143,3.14286,0.0366541,2.35762,1.57175,3.53643,0.900008,398.771,265.847,598.156,6923.43,4615.62,10385.1,0.00981004,0.00654003,0.0147151,135479,90319.4,203219,0.191965,0.127977,0.287948
2021-01-25,11001,District of Columbia,DC,35505,879,210.286,3.14286,0.0360917,2.34171,1.56114,3.51257,0.907612,398.751,265.834,598.127,6806.15,4537.43,10209.2,0.00964387,0.00642924,0.0144658,135878,90585.2,203817,0.19253,0.128353,0.288795
2021-01-26,11001,District of Columbia,DC,35700,888,205.857,3.85714,0.036555,2.35541,1.57028,3.53312,0.912842,393.423,262.282,590.135,6692.18,4461.45,10038.3,0.00948238,0.00632158,0.0142236,136271,90847.5,204407,0.193087,0.128725,0.289631
2021-01-27,11001,District of Columbia,DC,35865,895,208.857,4.57143,0.0367355,2.3519,1.56793,3.52785,0.905035,378.698,252.465,568.048,6572.38,4381.59,9858.57,0.00931263,0.00620842,0.0139689,136650,91100,204975,0.193624,0.129083,0.290436
2021-01-28,11001,District of Columbia,DC,36132,902,217.143,5.42857,0.0387291,2.36867,1.57911,3.553,0.889995,364.325,242.883,546.487,6438.89,4292.6,9658.34,0.00912349,0.00608233,0.0136852,137014,91342.9,205521,0.19414,0.129427,0.29121
2021-01-29,11001,District of Columbia,DC,36414,907,215.571,5.71429,0.0372354,2.34614,1.5641,3.51922,0.867773,349.747,233.164,524.62,6289.5,4193,9434.25,0.00891181,0.0059412,0.0133677,137364,91576,206046,0.194636,0.129757,0.291954
2021-01-30,11001,District of Columbia,DC,36662,909,226.429,5.57143,0.0320221,2.24219,1.4948,3.36329,0.841637,328.835,219.223,493.252,6121.79,4081.19,9182.68,0.00867417,0.00578278,0.0130113,137693,91795.3,206539,0.195102,0.130068,0.292653
2021-01-31,11001,District of Columbia,DC,36872,913,224.429,5.85714,0.030496,2.21749,1.47832,3.32623,0.81851,313.026,208.684,469.539,5948.65,3965.77,8922.98,0.00842885,0.00561923,0.0126433,138006,92003.9,207009,0.195545,0.130364,0.293318
2021-02-01,11001,District of Columbia,DC,37008,916,214.714,5.28571,0.0292794,2.20882,1.47254,3.31322,0.806317,293.804,195.87,440.706,5766.08,3844.05,8649.12,0.00817016,0.00544677,0.0122552,138300,92199.8,207450,0.195962,0.130641,0.293942
2021-02-02,11001,District of Columbia,DC,37008,916,186.857,4,0.0284122,2.20592,1.47061,3.30888,0.802166,280.428,186.952,420.641,5587.51,3725,8381.26,0.00791713,0.00527809,0.0118757,138580,92386.8,207870,0.196359,0.130906,0.294538
2021-02-03,11001,District of Columbia,DC,37199,926,190.571,4.42857,0.0278439,2.21821,1.47881,3.32732,0.810001,274.193,182.796,411.29,5419.08,3612.72,8128.61,0.00767848,0.00511898,0.0115177,138854,92569.6,208282,0.196747,0.131165,0.295121
2021-02-04,11001,District of Columbia,DC,37365,932,176.143,4.28571,0.0271568,2.22943,1.48629,3.34415,0.826291,268.765,179.177,403.147,5259.71,3506.47,7889.57,0.00745267,0.00496844,0.011179,139123,92748.7,208685,0.197128,0.131419,0.295692
2021-02-05,11001,District of Columbia,DC,37634,940,174.286,4.71429,0.0277911,2.24413,1.49609,3.36619,0.848066,265.447,176.965,398.171,5112.19,3408.13,7668.29,0.00724364,0.00482909,0.0108655,139389,92925.7,209083,0.197504,0.13167,0.296257
2021-02-06,11001,District of Columbia,DC,37877,947,173.571,5.42857,0.0329867,2.34041,1.56027,3.51061,0.872637,258.402,172.268,387.603,4970.22,3313.48,7455.33,0.00704248,0.00469498,0.0105637,139647,93098,209470,0.197871,0.131914,0.296806
2021-02-07,11001,District of Columbia,DC,38035,952,166.143,5.57143,0.0330971,2.35671,1.57114,3.53506,0.887414,255.101,170.067,382.651,4821.72,3214.48,7232.57,0.00683206,0.0045547,0.0102481,139902,93268,209853,0.198232,0.132155,0.297348
2021-02-08,11001,District of Columbia,DC,38136,956,161.143,5.71429,0.0347558,2.3959,1.59727,3.59386,0.901432,254.519,169.679,381.778,4677.46,3118.31,7016.2,0.00662766,0.00441844,0.00994149,140157,93437.7,210235,0.198593,0.132395,0.297889
2021-02-09,11001,District of Columbia,DC,38281,961,181.857,6.42857,0.0348338,2.39111,1.59407,3.58666,0.914789,253.102,168.735,379.653,4531.82,3021.21,6797.72,0.00642128,0.00428086,0.00963192,140410,93606.4,210615,0.198951,0.132634,0.298427
2021-02-10,11001,District of Columbia,DC,38348,965,164.143,5.57143,0.0337613,2.36912,1.57941,3.55368,,,,,,,,,,,,,,,,
2021-02-11,11001,District of Columbia,DC,38533,973,166.857,5.85714,0.0332366,2.35269,1.56846,3.52904,,,,,,,,,,,,,,,,
2021-02-12,11001,District of Columbia,DC,38670,976,148,5.14286,0.0329894,2.3907,1.5938,3.58605,,,,,,,,,,,,,,,,
2021-02-13,11001,District of Columbia,DC,38796,979,131.286,4.57143,0.0266531,2.30912,1.53941,3.46368,,,,,,,,,,,,,,,,
2021-02-14,11001,District of Columbia,DC,38918,979,126.143,3.85714,0.0259104,2.3064,1.5376,3.4596,,,,,,,,,,,,,,,,
2021-02-15,11001,District of Columbia,DC,39001,980,123.571,3.42857,0.0252606,2.29855,1.53237,3.44782,,,,,,,,,,,,,,,,
2021-02-16,11001,District of Columbia,DC,39131,982,121.429,3,0.0286572,2.37554,1.58369,3.56331,,,,,,,,,,,,,,,,
2021-02-17,11001,District of Columbia,DC,39180,985,118.857,2.85714,0.0266709,2.34073,1.56049,3.51109,,,,,,,,,,,,,,,,
2021-02-18,11001,District of Columbia,DC,39301,992,109.714,2.71429,0.0258778,2.35166,1.56777,3.52748,,,,,,,,,,,,,,,,
2021-02-19,11001,District of Columbia,DC,39461,993,113,2.42857,0.0242059,2.30254,1.53502,3.4538,,,,,,,,,,,,,,,,
2021-02-20,11001,District of Columbia,DC,39553,994,108.143,2.14286,0.027947,2.39974,1.59983,3.59962,,,,,,,,,,,,,,,,
2021-02-21,11001,District of Columbia,DC,39648,995,104.286,2.28571,0.0285502,2.4254,1.61694,3.6381,,,,,,,,,,,,,,,,
2021-02-22,11001,District of Columbia,DC,39755,995,107.714,2.14286,0.0290067,2.42135,1.61423,3.63203,,,,,,,,,,,,,,,,
2021-02-23,11001,District of Columbia,DC,39844,998,101.857,2.28571,0.0247252,2.34783,1.56522,3.52174,,,,,,,,,,,,,,,,
